,,,,,,,,,,,,,,,,,,,,,,,,,,,,
Video guide & information: https://youtu.be/jlhrKtw4vAA,,,,,,,,,,,,,,,,,,,,,,,,,,,,
,,,,,,,,,,,,,,,,,,,,,,,,,,,,
name,stack,version,description,count,,1 card (chaos),set (chaos),set (div),,result,type,description,stack,price (chaos),price (div),,count,,profit (chaos),/card (chaos),,,availability,demand,profit 1,profit 2,mult,profitability
,,,,,,,,,,,,,,,,,,,,,,,,,,,,
,,,Regular items,,,,,,,,,,,,,,,,,,,,,,,,,
Seven Years Bad Luck,13,3.6.0,Defiled Cathedral Map,855,,280.00,"3,640.00",16.25,,Mirror Shard,Currency,,,"3,951.00",17.64,,188,,311.00,23.92,,8.54%,3,3,3,2,54,insane
House of Mirrors,9,2.0.3,The Alluring Abyss,110,,"11,328.40","101,955.60",455.16,,Mirror of Kalandra,Currency,,,"78,050.00",348.44,,102,,"-23,905.60","-2,656.18",,,1,3,0,0,0,
The Sephirot,11,2.3.2,The Upper Sceptre of God(Act 3) • Palace Map. Dominus or corresponding bosses,574,,190.65,"2,097.15",,,Divine Orb,Currency,,10,"2,220.00",9.91,,671,,122.85,11.17,,5.86%,3,3,2,1,18,superb
Divine Beauty,12,3.20.0,,998,,121.00,"1,452.00",,,Divine Orb,Currency,,7,"1,554.00",6.94,,671,,102.00,8.50,,7.02%,3,3,2,0.5,9,ok
Acclimatisation,2,3.13.0,,1002,,1.00,2.00,0.01,,Orb of Alteration,Currency,,20,1.29,0.01,,4667,,-0.71,-0.35,,,3,3,0,0,0,
Alluring Bounty,7,3.7.0,The Apex of Sacrifice • The Alluring Abyss,270,,10.00,70.00,0.31,,Exalted Orb,Currency,,10,139.38,0.62,,2226,,69.38,9.91,,99.11%,2,3,1,0.5,3,
The Saint's Treasure,10,2.5.1,The Slums(Act 3) • The Marketplace(Act 3) • The Imperial Fields(Act 8) • The Grain Gate(Act 8)• Alleyways Map • Arcade Map • Arsenal Map • Bazaar Map • Ghetto Map • Port Map • Precinct Map,1142,,2.00,20.00,0.09,,Exalted Orb,Currency,,2,27.88,0.12,,2226,,7.88,0.79,,39.38%,3,3,0,0,0,
Abandoned Wealth,5,2.0.0,Arsenal Map • Precinct Map • Mao Kun,645,,5.00,25.00,0.11,,Exalted Orb,Currency,,3,41.81,0.19,,2226,,16.81,3.36,,67.25%,3,3,0.25,0.25,0.5625,
The Scout,8,3.16.0,,653,,6.60,52.80,0.24,,Exalted Orb,Currency,,7,97.56,0.44,,2226,,44.76,5.60,,84.78%,3,3,0.5,0.5,2.25,
Darker Half,3,3.18.0,,222,,10.50,31.50,0.14,,Eldritch Chaos Orb,Currency,,5,139.38,0.62,,1346,,107.88,35.96,,342.46%,3,3,2,3,54,insane
Ambitious Obsession,4,3.15.0,,852,,3.00,12.00,,,Skittering Delirium Orb,Currency,,,23.00,0.10,,2922,,11.00,2.75,,91.67%,3,3,0.25,0.25,0.5625,
Humility,9,2.0.0,The Aqueduct(Act 4) • The Blood Aqueduct(Act 9) • Channel Map • Waterways Map,1422,,2.00,18.00,0.08,,Tabula Rasa,Currency,,,0.00,0.00,,3939,,-18.00,-2.00,,,3,3,0,0,0,
Vanity,9,3.7.0,the Vaal Vessel inside Vaal side areas.,1346,,1.00,9.00,0.04,,Tabula Rasa,Currency,,,0.00,0.00,,3939,,-9.00,-1.00,,,3,3,0,0,0,
The Nurse,8,3.5.0,Shavronne's Tower • Arachnid Tomb Map • Tower Map,400,,446.00,"3,568.00",15.93,,The Doctor,Divination Card,,,"3,746.40",16.73,,115,,178.40,22.30,,5.00%,3,3,2,2,36,insane
The Patient,8,3.13.0,,1125,,50.00,400.00,1.79,,The Nurse,Divination Card,,,446.00,1.99,,400,,46.00,5.75,,11.50%,3,3,0.5,0.5,2.25,
The Immortal,10,2.2.2c,The Hall of Grandmasters,142,,"1,072.80","10,728.00",47.89,,House of Mirrors,Divination Card,,,"11,328.40",50.57,,110,,600.40,60.04,,5.60%,1,3,3,3,27,insane
A Fate Worse Than Death,4,3.18.0,,389,,60.00,240.00,1.07,,Cortex,Bulk,corrupted,,289.90,1.29,,750,,49.90,12.48,,20.79%,3,3,0.5,1,4.5,
The Eye of Terror,8,3.8.0,,103,,15.40,123.20,0.55,,Chayula's Pure Breachstone,Bulk,,,0.00,0.00,,,,-123.20,-15.40,,,1,3,0,0,0,
Altered Perception,3,3.18.0,,209,,5.00,15.00,0.07,,Simulacrum,Bulk,,,25.00,0.11,,1881,,10.00,3.33,,66.67%,3,3,0.25,0.25,0.5625,
The Doctor,8,2.0.0,Burial Chambers Map • Spider Forest Map,115,,"3,746.40","29,971.20",133.80,,Headhunter,Accessory,clean,,"28,544.00",127.43,,145,,"-1,427.20",-178.40,,,1,3,0,0,0,
The Spark and the Flame,2,2.5.1,Atoll Map • Maelström of Chaos • Plateau Map,856,,2.00,4.00,0.02,,Berek's Respite,Accessory,clean,,5.00,0.02,,3092,,1.00,0.50,,25.00%,3,3,0,0,0,
Hunter's Reward,3,2.0.4b,Grotto Map • The Putrid Cloister • Underground River Map,595,,4.00,12.00,0.05,,The Taming,Accessory,clean,,15.00,0.07,,1252,,3.00,1.00,,25.00%,3,3,0,0,0,
The Polymath,3,2.5.1,The Reliquary (Act 5) • The Reliquary (Act 10) • Museum Map • Relic Chambers Map,526,,5.00,15.00,0.07,,Astramentis,Accessory,clean,,24.00,0.11,,1622,,9.00,3.00,,60.00%,3,3,0,0.25,0,
The Life Thief,6,3.5.0,,556,,3.00,18.00,0.08,,Zerphi's Heart,Accessory,clean,,40.00,0.18,,546,,22.00,3.67,,122.22%,3,3,0.25,0.25,0.5625,
The Mind's Eyes,7,3.15.0,,534,,2.00,14.00,0.06,,Astral Projector,Accessory,clean,,15.00,0.07,,419,,1.00,0.14,,7.14%,3,3,0,0,0,
The Offspring,9,3.15.0,,587,,2.00,18.00,0.08,,Ryslatha's Coil,Accessory,clean,,10.00,0.04,,1971,,-8.00,-0.89,,,3,3,0,0,0,
Silence and Frost,7,3.17.0,,281,,5.00,35.00,0.16,,The Pandemonius,Accessory,clean,,130.00,0.58,,244,,95.00,13.57,,271.43%,2,3,1,1,6,ok
The Apothecary,5,3.18.0,,193,,"9,700.50","48,502.50",216.53,,Mageblood,Accessory,clean,,"48,301.80",215.63,,97,,-200.70,-40.14,,,2,2,0,0,0,
Choking Guilt,6,3.19.0,,70,,334.50,"2,007.00",8.96,,Stranglegasp,Accessory,clean,,"2,401.35",10.72,,91,,394.35,65.72,,19.65%,1,2,3,3,18,superb
Judging Voices,9,3.17.0,,401,,5.00,45.00,0.20,,Forbidden Shako,Armour,clean,,30.00,0.13,,2960,,-15.00,-1.67,,,2,3,0,0,0,
Misery in Darkness,6,3.17.0,,462,,4.00,24.00,0.11,,Shroud of the Lightless,Armour,clean,,12.00,0.05,,478,,-12.00,-2.00,,,3,3,0,0,0,
Pride of the First Ones,7,3.7.0,Barrows Map • Grotto Map • Lair Map,396,,4.00,28.00,0.13,,Farrul's Fur,Armour,clean,,30.00,0.13,,472,,2.00,0.29,,7.14%,3,3,0,0,0,
The Queen,16,2.0.0,Vaults of Atziri,354,,2.00,32.00,0.14,,Atziri's Acuity,Armour,clean,,7.00,0.03,,303,,-25.00,-1.56,,,1,3,0,0,0,
The Offering,8,2.1.0,The Rotting Core(Act 9) • Cells Map • Core Map • Scriptorium Map • Tower Map. Drops from Shavronne of Umbra and her map boss variants.,907,,2.00,16.00,0.07,,Shavronne's Wrappings,Armour,clean,,10.00,0.04,,1282,,-6.00,-0.75,,,3,3,0,0,0,
The Wolven King's Bite,8,2.5.1,Dark Forest Map • Lair Map,702,,1.00,8.00,0.04,,Rigwald's Quills,Armour,clean,,3.00,0.01,,215,,-5.00,-0.63,,,3,3,0,0,0,
The King's Heart,8,2.0.0,The Coast (Act 6) • Caldera Map • Volcano Map,778,,2.00,16.00,0.07,,Kaom's Heart,Armour,clean,,10.00,0.04,,747,,-6.00,-0.75,,,3,3,0,0,0,
The Shieldbearer,8,3.19.0,,134,,424.65,"3,397.20",15.17,,The Squire,Armour,clean,,"3,902.50",17.42,,131,,505.30,63.16,,14.87%,1,3,3,3,27,insane
Endless Night,7,3.19.0,,588,,2.00,14.00,0.06,,Maloney's Mechanism,Armour,clean,,15.00,0.07,,1124,,1.00,0.14,,7.14%,3,3,0,0,0,
The Scavenger,8,2.4.0,The Aqueduct • Channel Map • Chateau Map • Underground River Map,942,,1.00,8.00,0.04,,Carcass Jack,Armour,clean,,2.00,0.01,,1787,,-6.00,-0.75,,,3,3,0,0,0,
Reckless Ambition,6,3.13.0,,618,,1.00,6.00,0.03,,Omeyocan,Armour,clean,,5.00,0.02,,121,,-1.00,-0.17,,,3,3,0,0,0,
Etched in Blood,9,3.9.0,,187,,3.00,27.00,0.12,,Rigwald's Quills,Armour,clean,,3.00,0.01,,215,,-24.00,-2.67,,,1,3,0,0,0,
The Escape,5,3.9.0,Oriath Delusion • Hysteriagate • Lunacy's Watch • The Bridge Enraptured • The Syndrome Encampment • Tul's Domain • Xoph's Domain • Esh's Domain,841,,5.00,25.00,0.11,,Seven-League Step,Armour,clean,,25.00,0.11,,1036,,0.00,0.00,,,3,3,0,0,0,
Desperate Crusade,3,3.16.0,,559,,4.00,12.00,0.05,,Prism Guardian,Armour,clean,,20.00,0.09,,1054,,8.00,2.67,,66.67%,3,3,0,0.25,0,
Beauty Through Death,5,3.4.0,Vaal Temple Map. Drop monster: K'aj A'alai,460,,18.00,90.00,0.40,,Atziri's Reflection,Armour,clean,,178.40,0.80,,447,,88.40,17.68,,98.22%,3,3,1,1,9,ok
A Note in the Wind,4,3.11.0,Desert • Desert Spring • Dry Sea • Dunes • The Oasis,647,,2.00,8.00,0.04,,Asenath's Mark,Armour,clean,,15.00,0.07,,1080,,7.00,1.75,,87.50%,3,3,0,0,0,
The World Eater,8,3.2.0,"Drop bosses: Abaxoth, the End of All That Is",166,,9.00,72.00,0.32,,Starforge,Weapon,clean,,114.90,0.51,,209,,42.90,5.36,,59.58%,1,3,0.5,0.5,0.75,
The Soul,9,2.3.2,Cells Map • Overgrown Shrine Map • Sepulchre Map • Crater Map,191,,92.00,828.00,3.70,,Soul Taker,Weapon,clean,,"1,115.00",4.98,,39,,287.00,31.89,,34.66%,1,1,3,3,9,ok
The Last One Standing,10,2.0.1b,The Hall of Grandmasters,148,,19.00,190.00,0.85,,Atziri's Disfavour,Weapon,clean,,432.73,1.93,,50,,242.73,24.27,,127.75%,1,2,3,2,12,good
The Pact,9,2.0.0,The Quay(Act 8) • Pier Map • Port Map,659,,2.00,18.00,0.08,,Pledge of Hands,Weapon,clean,,21.00,0.09,,151,,3.00,0.33,,16.67%,3,3,0,0,0,
The Whiteout,8,3.13.0,,760,,2.00,16.00,0.07,,Cospri's Malice,Weapon,clean,,20.00,0.09,,1569,,4.00,0.50,,25.00%,3,3,0,0,0,
The Endless Darkness,9,3.4.0,Harbinger Map • Harbinger Map • Harbinger Map,150,,70.45,634.05,2.83,,Voidforge,Weapon,clean,,"1,003.50",4.48,,79,,369.45,41.05,,58.27%,1,2,3,3,18,superb
A Dab of Ink,9,3.5.0,The Library(Act 3) • Academy Map • Museum Map • Scriptorium Map,807,,1.00,9.00,0.04,,The Poet's Pen,Weapon,clean,,15.00,0.07,,790,,6.00,0.67,,66.67%,3,3,0,0,0,
Broken Truce,5,3.19.0,,1152,,1.00,5.00,0.02,,Cold Iron Point,Weapon,clean,,5.00,0.02,,1272,,0.00,0.00,,,3,3,0,0,0,
The Wedding Gift,2,3.20.0,,301,,6.00,12.00,0.05,,Arakaali's Fang,Weapon,clean,,30.00,0.13,,704,,18.00,9.00,,150.00%,3,3,0.25,0.5,1.125,
Tranquillity,7,2.1.1c,,150,,6.45,45.15,0.20,,Voltaxic Rift,Weapon,clean,,74.30,0.33,,167,,29.15,4.16,,64.56%,1,3,0.5,0.25,0.375,
The Progeny of Lunaris,2,3.10.0,"Drop monster: Selenia, the Endless Night(Location: The Twilight Temple Map)",186,,6.00,12.00,0.05,,Dying Sun,Flask,clean,,10.00,0.04,,3205,,-2.00,-1.00,,,3,3,0,0,0,
The Damned,6,3.8.0,Ancient City Map • Vaults of Atziri • Vaal Temple Map,159,,9.00,54.00,0.24,,Soul Ripper,Flask,clean,,160.00,0.71,,106,,106.00,17.67,,196.30%,2,3,2,1,12,good
The Hunger,9,2.0.0,The Belly of the Beast Level 1(Act 4) • The Belly of the Beast Level 2(Act 4) • The Harvest (Act 4) • The Belly of the Beast (Act 9) • The Rotting Core(Act 9) • Carcass Map • Malformation Map • Phantasmagoria Map,802,,7.00,63.00,0.28,,Taste of Hate,Flask,clean,,40.00,0.18,,1734,,-23.00,-2.56,,,3,3,0,0,0,
Succor of the Sinless,6,3.9.0,"Drop monster: Baran, the Crusader(Location: Crusader’s Sanctum)",255,,27.70,166.20,0.74,,Bottled Faith,Flask,clean,,223.00,1.00,,1405,,56.80,9.47,,34.18%,2,3,1,0.5,3,
Wealth and Power,11,2.0.3,"The Lunaris Temple Level 2 (Act 8). Drop monster: Dusk, Harbinger of Lunaris.",265,,190.00,"2,090.00",9.33,,Enlighten Support,Gem,corrupted 4/20,,0.00,0.00,,,,"-2,090.00",-190.00,,,1,3,0,0,0,
The Dragon's Heart,11,2.0.3,Pit of the Chimera Map • The Putrid Cloister,1321,,52.00,572.00,2.55,,Empower Support,Gem,corrupted 4/20,,0.00,0.00,,,,-572.00,-52.00,,,3,3,0,0,0,
The Artist,11,2.0.1b,"Overgrown Ruin Map, Overgrown Shrine Map",194,,39.65,436.15,,,Enhance Support,Gem,corrupted 4/20,,0.00,,,,,-436.15,-39.65,,,1,3,0,0,0,
The Enlightened,6,2.0.5,Ashen Wood Map,585,,45.00,270.00,,,Enlighten Support,Gem,clean 3/20,,0.00,,,,,-270.00,-45.00,,,3,3,0,0,0,
The Strategist,6,3.10.0,"Drop Boss: Drox, the Warlord(Locaion: Warlords’s Keep)",304,,10.00,60.00,0.27,,Inspired Learning,Jewel,clean,,70.00,0.31,,734,,10.00,1.67,,16.67%,3,3,0.25,0,0,
The Academic,8,3.12.0,,656,,6.00,48.00,0.21,,Inspired Learning,Jewel,clean,,70.00,0.31,,734,,22.00,2.75,,45.83%,3,3,0.25,0.25,0.5625,
The Craving,4,3.9.0,,309,,5.00,20.00,0.09,,Unending Hunger,Jewel,clean,,10.00,0.04,,494,,-10.00,-2.50,,,3,3,0,0,0,
Brotherhood in Exile,5,3.13.0,,555,,4.00,20.00,0.09,,One With Nothing,Jewel,corrupted,,20.00,0.09,,913,,0.00,0.00,,,3,3,0,0,0,
Eternal Bonds,4,3.16.0,,187,,35.75,143.00,0.64,,Replica Cortex,Map,corrupted,,267.60,1.19,,60,,124.60,31.15,,87.13%,2,2,2,3,24,insane
,,,Calculated items,,,,,,,,,,,,,,,,,,,,,,,,,
Justified Ambition,5,3.17.0,,829,,5.00,25.00,,,Synthesis Map,Map,,,81.98,0.37,,,,56.98,11.40,,227.92%,3,3,1,1,9,ok
The Long Con,4,3.11.0,chests in the Eternal Labyrinth,186,,10.00,40.00,0.18,,Elderslayer's Exalted Orb,Currency,,,75.32,0.34,,,,35.32,8.83,,88.31%,2,3,0.5,0.5,1.5,
Unrequited Love,16,3.12.0,,116,,"4,794.50","76,712.00",342.46,,Mirror of Kalandra minus Mirror Shard,Currency,,,"74,099.00",330.80,,188,,"-2,613.00",-163.31,,,0.5,3,0,0,0,
Imperial Legacy,22,3.7.0,The Vastiri Desert(Act 9) • The Oasis(Act 9) • The Foothills(Act 9) • Desert Map • Desert Spring Map • Dunes Map • Pillars of Arun,1552,,1.00,22.00,0.10,,6L ilvl 86+ Imperial Bow,Currency,,,9.33,0.04,,134,,-12.67,-0.58,,,3,3,0,0,0,
The Eldritch Decay,4,3.10.0,Manor of Madness,578,,5.85,23.40,0.10,,Uber Elder Fragment,Bulk,,,65.34,0.29,,,,41.94,10.48,,179.22%,3,3,0.5,1,4.5,
Guardian's Challenge,4,3.16.0,,1049,,3.00,12.00,0.05,,Random T16 Shaper Guardian Map,Bulk,,,12.00,0.05,,,,0.00,0.00,,,3,3,0,0,0,
Dementophobia,11,3.15.0,,812,,5.00,55.00,0.25,,Random Delirium Orbs,Bulk,,10,130.36,0.58,,,,75.36,6.85,,137.01%,3,3,1,0.5,4.5,
Disdain,5,3.16.0,,1247,,1.00,5.00,,,Delirium Orb,Bulk,,,13.04,0.06,,,,8.04,1.61,,160.71%,3,3,0,0,0,
Rebirth and Renewal,4,3.18.0,,377,,5.00,20.00,,,Winged Scarab,Bulk,,,73.42,0.33,,,,53.42,13.35,,267.08%,3,3,1,1,9,ok
The Price of Protection,5,3.4.0,Can only drop from Invasion bosses.,1174,,2.00,10.00,,,Elder Guardian Occupied Map,Bulk,,,11.00,0.05,,,,,,,,,,,,,
The Samurai's Eye,3,3.3.0,This item can be acquired from an Abyssal Lich in the Abyssal Depths.,189,,65.00,195.00,,,Watcher's Eye (Item Level 85),Jewel,,,184.00,0.82,,,,,,,,,,,,,
The Destination,9,3.18.0,,145,,15.00,135.00,,,Watcher's Eye (Item Level 85),Jewel,,,184.00,0.82,,,,,,,,,,,,,
Peaceful Moments,5,3.11.0,,441,,5.00,25.00,0.11,,Timeless Jewel,Jewel,,,24.00,0.11,,,,-1.00,-0.20,,,3,3,0,0,0,
The Garish Power,4,2.5.1,The Chamber of Sins Level 1 (Act 7) • The Chamber of Sins Level 2 (Act 7) • Overgrown Ruin Map • Overgrown Shrine Map,346,,40.00,160.00,0.71,,Unique Jewel,Jewel,,,193.44,0.86,,,,33.44,8.36,,20.90%,3,3,0.5,0.5,2.25,
The Eye of the Dragon,10,3.1.0,The Boiling Lake(Act 9)• Marshes Map • Sulphur Vents Map,213,,5.00,50.00,0.22,,Unique Jewel,Jewel,,,193.44,0.86,,,,143.44,14.34,,286.88%,1,3,2,1,6,ok
The Risk,3,2.1.2,Izaro's Treasure in the Endgame Labyrinth,1104,,3.00,9.00,,,Ventor's Gamble,Accessory,,,7.82,0.03,,23352,,-1.18,-0.39,,,3,3,0,0,0,
The Cheater,3,3.10.0,Can drop from Perandus Safes.,133,,267.96,803.88,3.59,,20% Corrupted lvl 6 Awakened Support Gem,Gem,,,#DIV/0!,#DIV/0!,,,,?,?,,,2,3,0,0,0,
Desecrated Virtue,9,3.12.0,,151,,100.00,900.00,4.02,,23% Corrupted lvl 6 Awakened Support Gem,Gem,,,#DIV/0!,#DIV/0!,,,,?,?,,,1,3,0,0,0,
Home,3,3.18.0,,514,,30.00,90.00,0.40,,Exceptional Gem,Gem,,,#N/A,#N/A,,,,?,?,,,3,3,0,0,0,
Gemcutter's Mercy,3,3.19.0,,423,,25.00,75.00,0.33,,Exceptional Gem,Gem,,,#N/A,#N/A,,,,?,?,,,3,3,0,0,0,
The Hook,8,3.14.0,,179,,10.00,80.00,,,21/23 Superior gem,Gem,,,10.91,0.05,,,,,,,,,,,,,
The Celestial Justicar,6,2.0.0,The Crypt (Act 7) • Cursed Crypt Map,961,,3.00,18.00,0.08,,6L ilvl 80 Astral Plate,,,,0.00,0.00,,,,-18.00,-3.00,,,3,3,0,0,0,
The Ethereal,7,2.1.0,"The Apex of Sacrifice, The Eternal Labyrinth",780,,2.00,14.00,0.06,,6L ilvl 80 Vaal Regalia,,,,0.00,0.00,,,,-14.00,-2.00,,,3,3,0,0,0,
The Sacrifice,4,3.5.0,The Temple of Atzoatl,108,,10.00,40.00,0.18,,6L ilvl 86+ Sacrificial Garb,,,,53.33,0.24,,14,,13.33,3.33,,33.33%,2,0.5,0.25,0.25,0.0625,
The White Knight,8,3.11.0,,196,,5.00,40.00,0.18,,6L ilvl 86+ Crusader Astral Plate,,,,436.33,1.95,,4,,396.33,49.54,,990.83%,1,0,3,3,0,
Draped in Dreams,5,3.13.0,,175,,6.70,33.50,0.15,,6L Influenced Body Armour,,,,353.94,1.58,,,,320.44,64.09,,956.55%,2,3,3,3,54,insane
Keeper's Corruption,7,3.13.0,,125,,4.00,28.00,0.13,,Bone Helmet 86Elder,,,,20.00,0.09,,,,-8.00,-1.14,,,1,3,0,0,0,
Nook's Crown,4,3.8.0,"Catarina, Master of Undeath in Mastermind's Lair",158,,6.85,27.40,0.12,,Bone Helmet 86Elder,,,,20.00,0.09,,,,-7.40,-1.85,,,2,3,0,0,0,
The Celestial Stone,10,3.3.0,Basilica Map • Lair of the Hydra Map • Terrace Map,307,,3.00,30.00,0.13,,Opal Ring 84Shaper,,,,43.33,0.19,,,,13.33,1.33,,44.44%,2,3,0.25,0,0,
Haunting Shadows,4,3.13.0,,473,,2.59,10.38,0.05,,Metamorph Item,,,,21.75,0.10,,,,11.37,2.84,,109.62%,3,3,0.25,0.25,0.5625,
Council of Cats,4,3.10.0,Hunter's Ambush,712,,3.00,12.00,,,Farrul Item,,,,10.25,0.05,,,,-1.75,-0.44,,,3,3,0,0,0,
,,,Corrupted items,,,,,,,,,,,,,,,,,,,,,,,,,
Burning Blood,6,3.7.0,Lava Chamber Map • Forge of the Phoenix Map,136,,4.00,24.00,0.11,,Xoph's Blood,Accessory,corrupted,,40.00,0.18,,88,,16.00,2.67,,66.67%,1,2,0.25,0.25,0.125,
The Demon,10,3.8.0,N/A,27,,"3,233.50",?,?,,Headhunter,Accessory,corrupted,,"26,760.00",119.46,,145,,?,?,,,0.25,3,0,0,0,
The Fiend,11,2.0.0,The Putrid Cloister Map • Shrine Map,107,,"2,430.70","26,737.70",119.36,,Headhunter,Accessory,corrupted,,"26,760.00",119.46,,145,,22.30,2.03,,0.08%,0.5,3,0.25,0.25,0.09375,
Deadly Joy,6,3.14.0,,249,,8.00,48.00,0.21,,The Torrent's Reclamation,Accessory,corrupted,,120.00,0.54,,286,,72.00,12.00,,150.00%,2,3,1,1,6,ok
The Price of Devotion,7,3.19.0,,23,,"5,385.10",?,?,,Mageblood,Accessory,corrupted,,"17,840.00",79.64,,97,,?,?,,,0.25,2,0,0,0,
The Insane Cat,9,3.20.0,,42,,"3,456.50",?,?,,Mageblood,Accessory,corrupted,,"17,840.00",79.64,,97,,?,?,,,0.25,2,0,0,0,
Pride Before the Fall,8,2.0.4,The Coast (Act 6) • The Tidal Island (Act 6) • The Mud Flats (Act 6) • The Karui Fortress(Act 6)• Caldera Map • Lava Lake Map • Marshes Map • Volcano Map,432,,3.00,24.00,0.11,,Kaom's Heart,Armour,corrupted,,10.00,0.04,,747,,-14.00,-1.75,,,3,3,0,0,0,
The Enthusiasts,3,3.14.0,,661,,4.00,12.00,0.05,,Victario's Influence,Armour,corrupted,,5.00,0.02,,2440,,-7.00,-2.33,,,3,3,0,0,0,
The Astromancer,7,3.13.0,,80,,5.00,35.00,0.16,,The Eternity Shroud,Armour,corrupted,,18.00,0.08,,234,,-17.00,-2.43,,,1,3,0,0,0,
Gift of Asenath,5,3.11.0,N/A,264,,8.00,40.00,0.18,,Asenath's Gentle Touch,Armour,corrupted,,10.00,0.04,,4465,,-30.00,-6.00,,,3,3,0,0,0,
Unchained,4,3.12.0,,772,,2.00,8.00,0.04,,Facebreaker,Armour,corrupted,,5.00,0.02,,3323,,-3.00,-0.75,,,3,3,0,0,0,
Anarchy's Price,13,2.0.5,This item can drop from Rogue Exiles and the prophecy chain Anarchy's End.,135,,3.00,39.00,0.17,,Voltaxic Rift,Weapon,corrupted,,46.00,0.21,,167,,7.00,0.54,,17.95%,1,3,0,0,0,
Love Through Ice,4,3.13.0,,110,,334.50,"1,338.00",5.97,,Unnatural Instinct,Jewel,corrupted,,669.00,2.99,,221,,-669.00,-167.25,,,2,3,0,0,0,
The Eternal War,4,3.14.0,,160,,8.80,35.20,0.16,,Timeless Jewel,Jewel,corrupted,,19.00,0.08,,,,-16.20,-4.05,,,2,3,0,0,0,
,,,Don't flip,,,,,,,,,,,,,,,,,,,,,,,,,
The Price of Loyalty,4,3.8.0,"Zilquapa, Architect of the Breach",81,,312.20,"1,248.80",5.58,,Skin of the Loyal,Armour,corrupted 6-link,,100.00,0.45,,,,,,,,,,,,,
Doryani's Epiphany,3,3.19.0,,264,,100.00,300.00,1.34,,Regrading Lens,Currency,,3,,,,,,,,,,,,,,,
The Primordial,5,3.7.0,Coves Map • Flooded Mine Map • Geode Map • Grotto Map • Peninsula Map • Vault Map • Waterways Map • Wharf Map,632,,5.00,25.00,0.11,,Primordial Jewel,Jewel,,,,,,,,,,,,,,,,,
A Stone Perfected,5,3.16.0,,395,,5.00,25.00,0.11,,Primordial Jewel,Jewel,,,,,,,,,,,,,,,,,
The Mad King,7,3.6.0,"Caldera Map • Dark Forest Map • Lair Map • Reef Map. Drop bosses: The Cursed King , Kaom , Daresso, King of Swords , Tsoagoth, The Brine King",766,,3.00,21.00,0.09,,Ultimatum Aspect,Fragment,,,,,,,,,,,,,,,,,
The Hoarder,12,2.0.0,The Belly of the Beast Level 1(Act 4) • The Belly of the Beast Level 2(Act 4) • The Harvest (Act 4) • The Rotting Core(Act 9) • Vault Map,1368,,1.00,12.00,0.05,,Exalted Orb,Currency,,1,13.94,0.06,,,,,,,,,,,,,
Brother's Stash,1,3.12.0,,46,,68.00,68.00,0.30,,Exalted Orb,Currency,,5,69.69,0.31,,,,,,,,,,,,,
Brother's Gift,1,3.21.0,,43,,"1,137.30","1,137.30",5.08,,Divine Orb,Currency,,5,"1,110.00",4.96,,,,,,,,,,,,,
The Transformation,5,3.17.0,,836,,2.00,10.00,0.04,,Tainted Mythic Orb,Currency,,,18.00,0.08,,,,,,,,,,,,,
Monochrome,3,3.6.0,Maelström of Chaos • The Vinktar Square • The Coward's Trial • Pillars of Arun • The Twilight Temple • Mao Kun • Whakawairua Tuahu • Poorjoy's Asylum • Oba's Cursed Trove • Vaults of Atziri,360,,30.00,90.00,0.40,,Elevated Sextant,Currency,,2,133.80,0.60,,,,,,,,,,,,,
Chaotic Disposition,1,2.0.0,Poorjoy's Asylum Map,420,,5.00,5.00,0.02,,Chaos Orb,Currency,,5,4.89,0.02,,,,,,,,,,,,,
The Wrath,8,2.0.1b,The Cathedral Rooftop (Act 5) • The Canals • The Feeding Trough • The Cavern of Anger (Act 6) • Belfry Map • Lava Lake Map,1269,,2.00,16.00,0.07,,Chaos Orb,Currency,,10,9.78,0.04,,,,,,,,,,,,,
Lucky Connections,7,2.0.0,The Docks(Act 3) • The Quay(Act 8) • Pier Map • Port Map • Shipyard Map • Wharf Map,1322,,1.00,7.00,0.03,,Orb of Fusing,Currency,,20,3.81,0.02,,,,,,,,,,,,,
Emperor of Purity,7,2.3.0,The Western Forest (Act 6) • The Chamber of Sins Level 1 (Act 7) • The Chamber of Sins Level 2 (Act 7) • Overgrown Ruin Map • Overgrown Shrine Map • Fungal Hollow Map,1163,,2.00,14.00,0.06,,Orb of Fusing,Currency,,20,3.81,0.02,,,,,,,,,,,,,
Immortal Resolve,6,3.3.0,Carcass Map • Vault Map,635,,5.00,30.00,0.13,,Orb of Fusing,Currency,,20,3.81,0.02,,,,,,,,,,,,,
The Chosen,5,3.9.0,The Chosen can drop from Chayula Breach encounters,173,,95.00,475.00,2.12,,Orb of Fusing,Currency,,20,3.81,0.02,,,,,,,,,,,,,
The Chains that Bind,11,2.0.0,Cage Map • Lava Chamber Map • Pen Map • Pit Map,1536,,1.00,11.00,0.05,,Orb of Fusing,Currency,,20,3.81,0.02,,,,,,,,,,,,,
The Dapper Prodigy,6,2.1.1c,Residence Map,1076,,2.38,14.25,0.06,,Orb of Fusing,Currency,,20,3.81,0.02,,,,,,,,,,,,,
The Porcupine,6,2.5.1,The High Gardens(Act 8) • Gardens Map • Plaza Map • Terrace Map,1310,,3.00,18.00,0.08,,Orb of Fusing,Currency,,20,3.81,0.02,,,,,,,,,,,,,
Underground Forest,4,3.9.0,,679,,9.00,36.00,0.16,,Awakened Sextant,Currency,,10,58.68,0.26,,,,,,,,,,,,,
The Seeker,9,3.6.0,The Temple of Atzoatl,601,,3.00,27.00,0.12,,Orb of Annulment,Currency,,3,14.54,0.06,,,,,,,,,,,,,
The Side Quest,5,3.8.0,Vault Map,870,,4.00,20.00,0.09,,Scouting Report,Currency,,20,,,,,,,,,,,,,,,
Vinia's Token,5,2.0.0,,1325,,1.00,5.00,0.02,,Orb of Regret,Currency,,10,3.98,0.02,,,,,,,,,,,,,
The Innocent,10,3.4.0,The Chamber of Innocence(Act 5) • Basilica Map,1086,,3.00,30.00,0.13,,Orb of Regret,Currency,,40,15.93,0.07,,,,,,,,,,,,,
A Sea of Blue,3,3.15.0,,1210,,1.00,3.00,0.01,,Orb of Alteration,Currency,,13,0.84,0.00,,,,,,,,,,,,,
The Survivalist,3,2.0.3,The Wetlands (Act 2) • Flooded Mine Map • Mineral Pools Map • Underground Sea Map,1090,,1.00,3.00,0.01,,Orb of Alchemy,Currency,,7,0.33,0.00,,,,,,,,,,,,,
The Cartographer,1,2.0.4b,Can drop from Cartographer's Strongboxes.,610,,3.00,3.00,0.01,,Cartographer's Chisel,Currency,,10,1.86,0.01,,,,,,,,,,,,,
The Heroic Shot,1,3.8.0,Can drop from Arcanist's Strongboxes.,482,,3.00,3.00,0.01,,Chromatic Orb,Currency,,17,1.65,0.01,,,,,,,,,,,,,
Society's Remorse,1,3.13.0,,678,,1.00,1.00,0.00,,Orb of Alteration,Currency,,10,0.65,0.00,,,,,,,,,,,,,
Lucky Deck,9,2.3.2,Ramparts Map • Mao Kun,654,,3.00,27.00,0.12,,Stacked Deck,Currency,,10,22.43,0.10,,,,,,,,,,,,,
The Inventor,6,2.0.0,The Temple of Decay Level 1(Act 7) • The Temple of Decay Level 2(Act 7) • Maze Map • Vaal Pyramid Map • Vaults of Atziri • Vaal Temple Map,1309,,1.00,6.00,0.03,,Vaal Orb,Currency,,10,5.00,0.02,,,,,,,,,,,,,
The Union,7,2.0.0,Cemetery Map • Graveyard Map,1362,,1.00,7.00,0.03,,Gemcutter's Prism,Currency,,10,5.58,0.02,,,,,,,,,,,,,
The Fool,4,3.7.0,Can drop from members of the Immortal Syndicate.,1121,,1.00,4.00,0.02,,Orb of Chance,Currency,,20,3.33,0.01,,,,,,,,,,,,,
No Traces,9,3.1.0,The Ossuary (Act 5) • The Reliquary (Act 10) • The Ossuary (Act 10) • Mausoleum Map • Relic Chambers Map • Sepulchre Map,1173,,2.84,25.56,0.11,,Orb of Scouring,Currency,,30,24.78,0.11,,,,,,,,,,,,,
The Journey,3,3.6.0,Lighthouse Map,1003,,1.00,3.00,0.01,,Harbinger's Orb,Currency,,,1.00,0.00,,,,,,,,,,,,,
Demigod's Wager,7,3.7.0,The Cleansing Light of Basilica Map,873,,2.00,14.00,0.06,,Orb of Annulment,Currency,,,4.85,0.02,,,,,,,,,,,,,
Dialla's Subjugation,7,2.3.2,Ivory Temple Map • The Twilight Temple • Temple Map,1150,,1.00,7.00,0.03,,Gemcutter's Prism,Currency,,,0.56,0.00,,,,,,,,,,,,,
Ever-Changing,3,3.20.0,,1079,,3.00,9.00,0.04,,Orb of Unmaking,Currency,,10,8.42,0.04,,,,,,,,,,,,,
The Finishing Touch,2,3.20.0,,874,,1.00,2.00,0.01,,Fertile Catalyst,Currency,,,0.00,,,,,,,,,,,,,,
The Card Sharp,4,3.14.0,,946,,3.00,12.00,0.05,,Divination Scarab,Bulk,,,,,,,,,,,,,,,,,
The Deal,5,3.8.0,Cameria the Coldblooded(It is one of the 18 Immortal Syndicate members),902,,3.00,15.00,0.07,,Cartography Scarab,Bulk,,,,,,,,,,,,,,,,,
More is Never Enough,7,3.8.0,Infested Valley Map,1116,,2.00,14.00,0.06,,Gilded Scarab,Bulk,,,,,,,,,,,,,,,,,
Cameria's Cut,2,3.9.0,Drop monster: Cameria the Coldblooded(location: random),546,,5.00,10.00,0.04,,Scarab,Bulk,,,,,,,,,,,,,,,,,
The Void,1,2.4.0,,761,,3.00,3.00,0.01,,The Void,Bulk,,,3.00,0.01,,,,,,,,,,,,,
Parasitic Passengers,8,3.17.0,,784,,2.00,16.00,0.07,,Incubator Item Level: 84,Bulk,,10,,,,,,,,,,,,,,,
The Cacophony,8,3.4.0,Maelström of Chaos • Cemetery Map • Crimson Temple Map • Excavation Map • Mineral Pools Map • Sepulchre Map • Underground Sea Map,938,,1.00,8.00,0.04,,Deafening Essence,Bulk,,3,,,,,,,,,,,,,,,
Harmony of Souls,9,3.3.0,"This item can be acquired from map boss versions of the Act 9 Trio (Shavronne, Doedre, & Maligaro)",636,,1.00,9.00,0.04,,Shrieking Essence,Bulk,,9,,,,,,,,,,,,,,,
The Professor,4,3.3.0,Laboratory Map,486,,4.00,16.00,0.07,,The Putrid Cloister,Bulk,clean,,20.00,0.09,,,,,,,,,,,,,
The Landing,5,3.6.0,Shore Map • Mao Kun • Strand Map • Whakawairua Tuahu,1057,,2.63,13.17,0.06,,The Beachhead,Bulk,corrupted,,9.67,0.04,,,,,,,,,,,,,
Checkmate,8,3.19.0,,678,,2.00,16.00,0.07,,Simulacrum Splinter,Bulk,,74,8.22,0.04,,,,,,,,,,,,,
The Dreamland,8,3.3.0,Laboratory Map,967,,1.00,8.00,0.04,,Poorjoy's Asylum,Bulk,clean,,5.00,0.02,,,,,,,,,,,,,
Hubris,5,2.0.4b,The Library(Act 3). Jeweller’s Strongboxes.,1317,,1.00,5.00,0.02,,Unique Ring,Bulk,,,,,,,,,,,,,,,,,
Blind Venture,7,2.0.5,The Reliquary (Act 5) • The Reliquary (Act 10) • Museum Map • Relic Chambers Map,1274,,1.00,7.00,0.03,,Unique Ring Corrupted,Bulk,,,,,,,,,,,,,,,,,
The Cache,6,3.12.0,,1310,,1.00,6.00,0.03,,Unique Jewellery,Bulk,,,,,,,,,,,,,,,,,
The Wretched,6,2.5.1,Bone Crypt Map • Cells Map • Cursed Crypt Map • The Coward's Trial • Dungeon Map • Necropolis Map • Overgrown Ruin Map • Acton's Nightmare • Forge of the Phoenix Map • Primordial Blocks Map • Tower Map,1305,,2.00,12.00,0.05,,Unique Belt,Bulk,,,,,,,,,,,,,,,,,
Divine Justice,1,3.9.0,Chateau Map • Defiled Cathedral Map,298,,3.00,3.00,0.01,,Unique Helmet | Eternal Labyrinth Enchantment,Bulk,,,,,,,,,,,,,,,,,
The Mercenary,5,2.0.3,The Broken Bridge (Act 7) • Castle Ruins Map,1079,,1.00,5.00,0.02,,Unique Shield | Corrupted,Bulk,,,,,,,,,,,,,,,,,
The Blessing of Moosh,4,3.15.0,,983,,1.00,4.00,0.02,,Unique Item | Labyrinth Enchantment,Bulk,,,,,,,,,,,,,,,,,
The Shepherd's Sandals,3,3.19.0,,515,,3.00,9.00,0.04,,Double-Corrupted Unique Boots,Bulk,,,,,,,,,,,,,,,,,
The Body,4,2.1.0,Can drop from an Armourer's Strongbox.,1173,,1.00,4.00,0.02,,Unique Body Armour,Bulk,,,,,,,,,,,,,,,,,
Sambodhi's Wisdom,3,3.14.0,,769,,2.00,6.00,0.03,,Unique Armour | Quality: 30%,Bulk,,,,,,,,,,,,,,,,,
Atziri's Arsenal,4,2.6.0,Vaults of Atziri,1064,,1.00,4.00,0.02,,Unique Weapon,Bulk,,,,,,,,,,,,,,,,,
Jack in the Box,4,2.0.0,The Ebony Barracks(Act 3) • The Slums(Act 3) • The Docks(Act 3) • The Sarn Ramparts(Act 8) • The Imperial Fields(Act 8) • The Harbour Bridge(Act 8) • The Grand Promenade(Act 8) • The Lunaris Concourse(Act 8) • The Quay(Act 8) • The Grain Gate(Act 8) • Arsenal Map • Ghetto Map • Port Map • Precinct Map • Promenade Map,1307,,1.00,4.00,0.02,,Unique Item,Bulk,,,,,,,,,,,,,,,,,
The Admirer,9,3.3.0,Ancient City Map • Maze Map • Vaal Pyramid Map,1025,,1.00,9.00,0.04,,Atziri Item,Bulk,,,,,,,,,,,,,,,,,
"Brush, Paint and Palette",5,3.14.0,,777,,5.00,25.00,0.11,,The Artist,Divination Card,,,39.65,0.18,,,,,,,,,,,,,
Last Hope,3,2.0.4b,Vaal Temple Map,1175,,1.00,3.00,0.01,,Mortal Hope,Fragment,,,3.00,0.01,,,,,,,,,,,,,
Remembrance,8,3.8.0,,156,,7.50,60.00,0.27,,Precursor's Emblem | Corrupted,Accessory,corrupted,,,,,,,,,,,,,,,,
The Thaumaturgist,8,2.0.5,Shrine Map,468,,2.00,16.00,0.07,,Shavronne's Revelation,Accessory,clean,,5.00,0.02,,,,,,,,,,,,,
Mawr Blaidd,16,2.4.0,Dark Forest Map,349,,5.00,80.00,0.36,,Eyes of the Greatwolf,Accessory,corrupted,,10.00,0.04,,,,,,,,,,,,,
The Forgotten Treasure,6,3.16.0,,435,,5.00,30.00,0.13,,Unique Leather Belt | Double-Influenced Item,Accessory,corrupted,,,,,,,,,,,,,,,,
Lachrymal Necrosis,3,3.15.0,,738,,4.96,14.87,0.07,,Jewel | Corrupted Blood cannot be inflicted on you,Accessory,corrupted,,,,,,,,,,,,,,,,
The Dungeon Master,7,3.18.0,,524,,5.00,35.00,0.16,,Unique Belt | Double-Influenced Item,Accessory,corrupted,,,,,,,,,,,,,,,,
Winter's Embrace,2,3.14.0,,142,,10.00,20.00,0.09,,Circle of Fear | Three-Implicit | Synthesised,Accessory,clean,,,,,,,,,,,,,,,,
The Hive of Knowledge,6,3.11.0,Vaal Pyramid Map,241,,4.00,24.00,0.11,,Machina Mitts,Armour,clean,,5.00,0.02,,,,,,,,,,,,,
Cursed Words,13,3.12.2,,1109,,1.00,13.00,0.06,,Maw of Mischief,Armour,clean,,3.00,0.01,,,,,,,,,,,,,
The Gladiator,5,2.0.0,Daresso’s Dream(Act 4) • The Grand Arena(Act 4) • Arena Map • Pit of the Chimera Map • Colosseum Map • Pit Map,1307,,1.00,5.00,0.02,,Unique Nightmare Bascinet,Armour,clean,,,,,,,,,,,,,,,,
The Beast,6,3.3.0,The Belly of the Beast Level 1(Act 4) • The Belly of the Beast Level 2(Act 4) • The Belly of the Beast (Act 9),706,,1.00,6.00,0.03,,Belly of the Beast,Armour,clean,,3.00,0.01,,,,,,,,,,,,,
The Pack Leader,6,2.0.1b,Jungle Valley Map • Tropical Island Map,931,,1.00,6.00,0.03,,Alpha's Howl,Armour,clean,,3.00,0.01,,,,,,,,,,,,,
Akil's Prophecy,3,3.8.0,Tempe of Atzoatl,405,,5.00,15.00,0.07,,Double Corrupted Unique Elegant Round Shield,Armour,corrupted,,,0.00,,,,,,,,,,,,,
The Greatest Intentions,10,3.11.0,,168,,12.00,120.00,0.54,,The Saviour,Weapon,clean,,334.50,1.49,,,,,,,,,,,,,
Lethean Temptation,6,3.19.0,,312,,2.55,15.30,0.07,,Nebulis,Weapon,clean,,10.00,0.04,,,,,,,,,,,,,
Rebirth,27,3.1.1c,The Battlefront(Act 3) • The Slave Pens(Act 5) • The Ruined Square(Act 5) • The Desecrated Chambers(Act 10) • The Control Blocks (Act 10) • The Reliquary (Act 10) • The Ossuary (Act 10) • The Broken Bridge (Act 7) • The Crypt (Act 7) • The Ashen Fields(Act 7) • The Blood Aqueduct(Act 9) • The Vastiri Desert(Act 9) • The Foothills(Act 9) • The Quarry(Act 9),332,,3.00,81.00,0.36,,Oni-Goroshi,Weapon,clean 6-link,,123.50,0.55,,,,,,,,,,,,,
The Darkest Dream,6,3.3.0,Whakawairua Tuahu,644,,2.00,12.00,0.05,,Severed in Sleep,Weapon,clean,,5.00,0.02,,,,,,,,,,,,,
The Avenger,12,2.0.0,Primordial Blocks Map,463,,2.00,24.00,0.11,,Mjölner,Weapon,clean,,25.00,0.11,,,,,,,,,,,,,
The Wind,7,2.0.0,Atoll Map • Jungle Valley Map,763,,1.00,7.00,0.03,,Windripper,Weapon,clean,,5.00,0.02,,,,,,,,,,,,,
The Last Supper,6,3.15.0,,113,,2.00,12.00,0.05,,Bino's Kitchen Knife,Weapon,clean,,12.00,0.05,,,,,,,,,,,,,
The Gulf,5,3.12.0,,153,,25.00,125.00,0.56,,Thread of Hope | Two-Implicit | Corrupted,Jewel,,,,,,,,,,,,,,,,,
A Modest Request,3,3.14.0,,317,,5.00,15.00,0.07,,Megalomaniac,Jewel,,,,,,,,,,,,,,,,,
Azyran's Reward,9,3.8.0,Relic Chambers Map,604,,5.00,45.00,0.20,,Unique Prismatic Jewel,Jewel,,,,,,,,,,,,,,,,,
Bijoux,3,3.17.0,,420,,4.00,12.00,0.05,,Cluster Jewel | Item Level: 84,Jewel,,,,,,,,,,,,,,,,,
Luminous Trove,7,3.14.0,,219,,10.00,69.98,0.31,,Random Voices,Jewel,,,,,,,,,,,,,,,,,
The Prince of Darkness,6,3.16.0,,505,,3.00,18.00,0.08,,Elegant Hubris,Jewel,clean,,20.00,0.09,,,,,,,,,,,,,
The Emptiness,6,3.15.0,,169,,4.00,24.00,0.11,,Vaal Breach,Gem,corrupted 1/0,,0.00,,,,,,,,,,,,,,
Dying Anguish,8,2.2.2c,Drop disabled,1122,,2.53,20.20,0.09,,Level 19 Gem | Alternate Quality: +19%,Gem,,,,,,,,,,,,,,,,,
The Wilted Rose,7,3.4.0,Acton's Nightmare,1062,,3.00,21.00,0.09,,Level 21 Aura Gem,Gem,,,,,,,,,,,,,,,,,
The Magma Crab,6,3.17.0,,854,,3.00,18.00,0.08,,Vaal Molten Shell,Gem,corrupted 21/0,,10.00,0.04,,,,,,,,,,,,,
Deathly Designs,7,3.9.0,,622,,3.00,21.00,0.09,,21/23 Trap Gem,Gem,,,,,,,,,,,,,,,,,
Terrible Secret of Space,8,3.15.0,,903,,3.00,24.00,0.11,,21/23 Golem Gem,Gem,,,,,,,,,,,,,,,,,
The Bitter Blossom,3,3.12.0,,310,,5.00,15.00,0.07,,21/23 Superior Chaos gem,Gem,,,,,,,,,,,,,,,,,
Triskaidekaphobia,13,3.12.0,,1046,,2.00,26.00,0.12,,Map Tier: 13 | Delirium: 100%,Map,,,,,,,,,,,,,,,,,
The Twilight Moon,6,3.4.0,Moon Temple Map • Temple Map,733,,3.00,18.00,0.08,,The Twilight Temple,Map,clean,,10.38,0.05,,,,,,,,,,,,,
The Price of Prescience,5,3.15.0,,494,,4.00,20.00,0.09,,Vaal Temple Map | Map Tier: 16 | Delirium: 100% | Corrupted,Map,,,,,,,,,,,,,,,,,
Left to Fate,4,3.1.0,The Pale Court,1103,,1.00,4.00,0.02,,Map Tier: 16,Map,,,,,,,,,,,,,,,,,
Lingering Remnants,16,2.5.1,Acid Caverns Map • Arachnid Tomb Map • Arsenal Map • Basilica Map • Bog Map • Burial Chambers Map • Caldera Map • Carcass Map • Castle Ruins Map • Chateau Map • Pit of the Chimera Map • Colonnade Map • Colosseum Map • Core Map • Courthouse Map • Crimson Temple Map • Crystal Ore Map • Dark Forest Map • Defiled Cathedral Map • Desert Spring Map • Dig Map • Factory Map • Ghetto Map • Lair of the Hydra Map • Ivory Temple Map • Lair Map • Lava Lake Map • Malformation Map • Mesa Map • Maze of the Minotaur Map • Necropolis Map • Overgrown Shrine Map • Palace Map • Park Map • Forge of the Phoenix Map • Racecourse Map • Reef Map • Shrine Map • Siege Map • Summit Map • Sunken City Map • Terrace Map • Primordial Blocks Map • Tower Map • Villa Map,1617,,1.00,16.00,0.07,,Vaal Temple Map,Map,,,,,,,,,,,,,,,,,
The Easy Stroll,2,3.10.0,,841,,1.00,2.00,0.01,,Map Tier: 15,Map,,,,,,,,,,,,,,,,,
Azure Rage,4,3.19.0,,1044,,1.00,4.00,0.02,,T16 map,Map,,,,,,,,,,,,,,,,,
The Shortcut,1,3.14.0,,89,,10.20,10.20,0.05,,Quicksilver Flask of the Cheetah,Flask,,,,,,,,,,,,,,,,,
The Drunken Aristocrat,8,2.0.0,The Sceptre of God(Act 3) • Residence Map,762,,1.00,8.00,0.04,,Divination Distillate,Flask,clean,,3.00,0.01,,,,,,,,,,,,,
Earth Drinker,5,2.1.2,The Vastiri Desert(Act 9) • The Oasis(Act 9) • The Foothills(Act 9) • Desert Map • Dunes Map,1146,,1.00,5.00,0.02,,Unique Granite Flask,Flask,,,,,,,,,,,,,,,,,
The Bargain,5,3.8.0,It That Fled(It is one of the 18 Immortal Syndicate members),,,,?,?,,Pure Breachstone,,,,,,,,,,,,,,,,,,
The Obscured,7,3.2.0,The Obscured can drop from Abyss monsters.,765,,3.00,21.00,0.09,,Breachstone,,,,,,,,,,,,,,,,,,
Something Dark,5,3.19.0,,522,,9.00,45.00,0.20,,Fully revealed Blueprint,,,,,,,,,,,,,,,,,,
The Rabbit's Foot,8,3.16.0,,261,,25.00,200.00,0.89,,Incursion Vial,,,10,,,,,,,,,,,,,,,
Broken Promises,2,3.14.0,,137,,11.60,23.20,0.10,,Diamond Ring | Item Level: 87 | Two-Implicit | Synthesised,,,,,,,,,,,,,,,,,,
Imperfect Memories,5,3.17.0,,151,,25.00,125.00,0.56,,Jewellery | Item Level: 100 | Three-Implicit | Synthesised,,,,,,,,,,,,,,,,,,
Magnum Opus,5,3.17.0,,186,,10.00,50.00,0.22,,Item | Item Level: 100 | Three-Implicit | Synthesised,,,,,,,,,,,,,,,,,,
Fateful Meeting,9,3.13.0,,97,,6.60,59.40,0.27,,League-Specific Item | Double-Influenced Item | Item Level: 97 | Two-Implicit Corrupted,,,,,,,,,,,,,,,,,,
The Aspirant,5,3.16.0,,177,,6.60,33.00,0.15,,Elevated Item | Influenced Item,,,,,,,,,,,,,,,,,,
Duality,2,3.17.0,,76,,15.00,30.00,0.13,,Body Armour | Item Level: 100 | Double-Influenced Item,,,,,,,,,,,,,,,,,,
Further Invention,4,3.18.0,,125,,5.00,20.00,0.09,,Helmet | Double-Influenced Item | Item Level: 100,,,,,,,,,,,,,,,,,,
The Undisputed,8,3.3.0,"This item can be acquired from Chayula, Who Dreamt",155,,3.70,29.60,0.13,,Merciless Vaal Axe | Item Level: 100 | Elder Item,,,,,,,,,,,,,,,,,,
Void of the Elements,3,3.8.0,,144,,5.00,15.00,0.07,,Overpowering Opal Ring | Item Level: 100 | Elder Item,,,,,,,,,,,,,,,,,,
A Familiar Call,3,3.11.0,,122,,5.05,15.15,0.07,,Jewellery of Farrul | Item Level: 100 | Shaper + Hunter Item,,,,,,,,,,,,,,,,,,
The Tumbleweed,2,3.11.0,,144,,5.00,10.00,0.04,,Diamond Ring of Redemption | Item Level: 100 | Redeemer Item,,,,,,,,,,,,,,,,,,
The Hale Heart,4,3.3.0,Can drop from Elder guardians.,242,,3.05,12.20,0.05,,Elder Item | Item Level: 100,,,,,,,,,,,,,,,,,,
Dying Light,10,3.13.0,,194,,3.00,30.00,0.13,,Diamond Ring | Item Level: 100 | Shaper + Elder Item,,,,,,,,,,,,,,,,,,
The Awakened,6,3.11.0,The Awakened can drop from Metamorph encounters,293,,5.00,30.00,0.13,,Jewellery | Item Level: 86 | Double-Influenced Item,,,,,,,,,,,,,,,,,,
Dark Dreams,4,3.7.0,Drop monster: Minara Anemina(Location: random),253,,3.00,12.00,0.05,,Bone Helmet | Elder Item,,,,,,,,,,,,,,,,,,
The Forward Gaze,6,3.18.0,,861,,3.00,18.00,0.08,,Unique Replica Item,,,,,,,,,,,,,,,,,,
Chasing Risk,4,3.16.0,,421,,3.00,12.00,0.05,,Unique Synthesis Item,,,,,,,,,,,,,,,,,,
Costly Curio,6,3.15.0,,518,,5.00,30.00,0.13,,Double-Influenced Unique Item,,,,,,,,,,,,,,,,,,
The Undaunted,5,3.3.0,Basilica Map • Courthouse Map • Precinct Map,1054,,3.00,15.00,0.07,,Nemesis Item Corrupted,,,,,,,,,,,,,,,,,,
The Valkyrie,8,2.3.2,The Valkyrie has been reported to drop from Rogue exiles regardless of map type or world area.,1195,,2.00,16.00,0.07,,Nemesis Item,,,,,,,,,,,,,,,,,,
Boon of the First Ones,6,3.4.0,Pit of the Chimera Map,913,,1.40,8.40,0.04,,Bestiary Item,,,,,,,,,,,,,,,,,,
The Dreamer,6,3.2.0,N/A,330,,4.00,24.00,0.11,,Chayula Item,,,,,,,,,,,,,,,,,,
The Bear Woman,6,3.13.0,,774,,2.00,12.00,0.05,,Fecund Ursine Pelt | Warlord Item,,,,,,,,,,,,,,,,,,
Perfection,5,3.3.0,Pit of the Chimera Map • Lair of the Hydra Map • Maze of the Minotaur Map • Forge of the Phoenix Map,344,,4.00,20.00,0.09,,Jewellery | Item Level: 100 | Shaper Item,,,,,,,,,,,,,,,,,,
Arrogance of the Vaal,8,3.6.0,Ancient City Map • Sunken City Map,1049,,2.00,16.00,0.07,,Unique Item | Two-Implicit Corrupted,,,,,,,,,,,,,,,,,,
The Jeweller's Boon,5,3.3.0,The Crystal Veins(Act 4) • Crystal Ore Map,745,,5.00,25.00,0.11,,Five-Linked Body Armour | Influenced Item,,,,,,,,,,,,,,,,,,
Time-Lost Relic,10,2.0.0,,1528,,1.00,10.00,0.04,,League-Specific Item,,,,,,,,,,,,,,,,,,
Prejudice,7,3.14.0,,728,,4.99,34.95,0.16,,Unique Influenced Item,,,,,,,,,,,,,,,,,,
The Enforcer,4,3.19.0,,90,,4.00,16.00,0.07,,Culling Strike Warlord gloves ilvl 86,,,,,,,,,,,,,,,,,,
The Leviathan,7,3.19.0,,175,,5.00,35.00,0.16,,Maven Item Two-Implicit Corrupted,,,,,,,,,,,,,,,,,,
Auspicious Ambitions,4,3.20.0,,466,,7.25,29.00,0.13,,Double-Influenced Heist base | Item Level: 100,,,,,,,,,,,,,,,,,,
A Dusty Memory,5,3.20.0,,534,,2.00,10.00,0.04,,Fractured Item | Item Level: 100,,,,,,,,,,,,,,,,,,
Matryoshka,8,3.21.0,,6,,26.25,?,?,,Onyx Amulet | 4 Anointments,,,,,,,,,,,,,,,,,,
,,,Bad items - don't pick up,,,,,,,,,,,,,,,,,,,,,,,,,
Bowyer's Dream,6,2.0.4b,Ashen Wood Map(Monster: Lord of the Ashen Arrow),385,,3.00,18.00,0.08,,Orb of Fusing,Currency,,20,3.81,0.02,,,,,,,,,,,,,
The Dark Mage,6,2.0.0,The Chamber of Sins Level 2 (Act 7) • Overgrown Ruin Map • Overgrown Shrine Map,925,,3.00,18.00,0.08,,Orb of Fusing,Currency,,20,3.81,0.02,,,,,,,,,,,,,
The Warlord,6,2.1.0,Arsenal Map,834,,2.00,12.00,0.05,,Orb of Fusing,Currency,,20,3.81,0.02,,,,,,,,,,,,,
Rain of Chaos,8,2.0.0,The Crossroads (Act 7) • The Imperial Fields(Act 8) • Castle Ruins Map,1418,,1.00,8.00,0.04,,Chaos Orb,Currency,,,0.98,0.00,,,,,,,,,,,,,
Loyalty,5,2.0.4,The Den (Act 7) • Barrows Map • Grotto Map • Lair Map,1252,,1.00,5.00,0.02,,Orb of Fusing,Currency,,3,0.57,0.00,,,,,,,,,,,,,
The Flora's Gift,5,2.0.1b,Ashen Wood Map • Jungle Valley Map • Tropical Island Map,1338,,1.00,5.00,0.02,,Jeweller's Orb,Currency,,7,0.39,0.00,,,,,,,,,,,,,
The Catalyst,3,2.0.4,The Causeway(Act 7) • The Vaal City(Act 7) • The Temple of Decay Level 1(Act 7) • The Temple of Decay Level 2(Act 7) • Ancient City Map • Maze Map • Vaal Pyramid Map • Vaults of Atziri • Vaal Temple Map,1121,,1.00,3.00,0.01,,Vaal Orb,Currency,,,0.50,0.00,,,,,,,,,,,,,
Three Faces in the Dark,7,2.0.0,The Marketplace(Act 3) • The Imperial Fields(Act 8) • The Grain Gate(Act 8) • The Refinery(Act 9) • Arsenal Map • Factory Map,1423,,1.00,7.00,0.03,,Chaos Orb,Currency,,3,2.93,0.01,,,,,,,,,,,,,
The Gemcutter,3,2.0.0,Can drop from Gemcutter's Strongboxes.,1237,,1.00,3.00,0.01,,Gemcutter's Prism,Currency,,,0.56,0.00,,,,,,,,,,,,,
The Doppelganger,2,2.0.4,The Crossroads (Act 7) • Whakawairua Tuahu,1242,,1.00,2.00,0.01,,Gemcutter's Prism,Currency,,,0.56,0.00,,,,,,,,,,,,,
Gemcutter's Promise,3,2.0.0,The Ebony Barracks(Act 3) • The Lunaris Concourse(Act 8) • Colonnade Map • Promenade Map,1242,,1.00,3.00,0.01,,Gemcutter's Prism,Currency,,,0.56,0.00,,,,,,,,,,,,,
Volatile Power,9,2.0.5,The Mines Level 1(Act 4) • The Mines Level 2(Act 4) • The Crystal Veins(Act 4) • The Tunnel(Act 9) • The Quarry(Act 4) • Crystal Ore Map • Dig Map • Excavation Map • Flooded Mine Map • Geode Map,1526,,1.00,9.00,0.04,,Gemcutter's Prism,Currency,,,0.56,0.00,,,,,,,,,,,,,
The Summoner,6,2.0.0,The Fetid Pool • The Lower Prison (Act 1) • The Upper Prison • The Crypt Level 2 • The Chamber of Sins Level 1 (Act 2) • The Chamber of Sins Level 2 (Act 2) • The Crematorium • The Catacombs • Shavronne's Tower • Bone Crypt Map • Cells Map • Cursed Crypt Map • Dungeon Map • Lava Chamber Map • Overgrown Ruin Map • Acton's Nightmare • Primordial Blocks Map,1333,,1.00,6.00,0.03,,Gemcutter's Prism,Currency,,,0.56,0.00,,,,,,,,,,,,,
The Skeleton,6,3.8.0,"Mao Kun Map(boss: Fairgraves, Never Dying)",1315,,1.00,6.00,0.03,,Gemcutter's Prism,Currency,,,0.56,0.00,,,,,,,,,,,,,
The Scholar,3,2.0.0,The Library(Act 3) • The Archives(Act 3) • Academy Map • Museum Map • Scriptorium Map,1184,,1.00,3.00,0.01,,Scroll of Wisdom,Currency,,40,0.31,0.00,,,,,,,,,,,,,
Grave Knowledge,6,2.0.3,The Ossuary (Act 10) • Bone Crypt Map • Olmec's Sanctum • Cursed Crypt Map,1343,,1.00,6.00,0.03,,Gemcutter's Prism,Currency,,,0.56,0.00,,,,,,,,,,,,,
Emperor's Luck,5,2.0.0,The Imperial Gardens(Act 3) • The High Gardens(Act 8) • Courtyard Map • Orchard Map • Terrace Map,1521,,1.00,5.00,0.02,,Random Currency,Currency,,5,,,,,,,,,,,,,,,
The Master Artisan,5,3.5.0,Can drop from Artisan's Strongboxes.,1383,,1.00,5.00,0.02,,Quality Currency,Currency,,20,,,,,,,,,,,,,,,
Coveted Possession,9,2.0.0,The Catacombs(Act 3) • The Ossuary (Act 5) • The Ossuary (Act 10) • Bone Crypt Map,1246,,1.00,9.00,0.04,,Regal Orb,Currency,,5,3.18,0.01,,,,,,,,,,,,,
Buried Treasure,3,3.7.0,Crystal Ore Map • Dig Map • Excavation Map • Flooded Mine Map • Geode Map,795,,4.00,12.00,0.05,,Sulphite Scarab,Bulk,,,,,,,,,,,,,,,,,
Treasure Hunter,7,2.1.2,,1129,,1.00,7.00,0.03,,Vaults of Atziri,Bulk,clean,,3.00,0.01,,,,,,,,,,,,,
The Tinkerer's Table,5,3.10.0,Arid Lake Map • Barrows Map • Geode Map • Mesa Map,1320,,1.00,5.00,0.02,,Fossil,Bulk,,5,,,,,,,,,,,,,,,
Her Mask,4,2.1.2,Alleyways Map • Ancient City Map • Arachnid Tomb Map • Arcade Map • Arid Lake Map • Armoury Map • Ashen Wood Map • Atoll Map • Barrows Map • Beach Map • Burial Chambers Map • Cage Map • Cells Map • Channel Map • City Square Map • Courtyard Map • Cursed Crypt Map • Desert Map • Excavation Map • Fields Map • Flooded Mine Map • Glacier Map • Grotto Map • Haunted Mansion Map • Ivory Temple Map • Jungle Valley Map • Leyline Map • Lookout Map • Marshes Map • Mausoleum Map • Maze Map • Mesa Map • Mud Geyser Map • Overgrown Ruin Map • Pen Map • Peninsula Map • Phantasmagoria Map • Pier Map • Primordial Pool Map • Promenade Map • Ramparts Map • Relic Chambers Map • Spider Lair Map • Fungal Hollow Map • Strand Map • Sulphur Vents Map • Thicket Map • Crater Map • Tropical Island Map • Waste Pool Map • Wharf Map,1226,,1.00,4.00,0.02,,Sacrifice Fragment,Bulk,,,,,,,,,,,,,,,,,
Three Voices,3,3.3.0,Arena Map • City Square Map • Courthouse Map • Courtyard Map • Crystal Ore Map • Graveyard Map • Racecourse Map • Vaal Pyramid Map • Vaal Temple Map. This item can be acquired in maps that have 3 bosses.,1339,,1.00,3.00,0.01,,Essence,Bulk,,3,,,,,,,,,,,,,,,
Boon of Justice,6,3.6.0,Chateau Map • Orchard Map • Plaza Map,1338,,1.00,6.00,0.03,,Offering to the Goddess,Bulk,,,0.31,0.00,,,,,,,,,,,,,
Scholar of the Seas,7,2.0.4,The Brine King’s Reef(Act 6) • Coves Map • Reef Map,1185,,1.00,7.00,0.03,,Mao Kun,Bulk,clean,,4.00,0.02,,,,,,,,,,,,,
The Puzzle,5,3.2.0,The Puzzle can drop from Beyond demons.,1105,,1.00,5.00,0.02,,Breachstone Splinter,Bulk,,5,,,,,,,,,,,,,,,
Sambodhi's Vow,3,3.6.0,Can drop from members of the Immortal Syndicate.,1186,,1.00,3.00,0.01,,Mortal Fragment,Bulk,,,,,,,,,,,,,,,,,
The Wolf's Legacy,4,3.8.0,,986,,3.00,12.00,0.05,,Vaults of Atziri,Bulk,clean,,3.00,0.01,,,,,,,,,,,,,
Man With Bear,3,3.20.0,,922,,3.00,9.00,0.04,,Bestiary Scarab,Bulk,,,,,,,,,,,,,,,,,
The Unexpected Prize,2,3.12.0,,413,,5.00,10.00,0.04,,Attribute Transforming Jewel,Jewel,,,,,,,,,,,,,,,,,
A Mother's Parting Gift,6,2.1.0,The Imperial Gardens(Act 3) • The High Gardens(Act 8),496,,4.00,24.00,0.11,,Fertile Mind,Jewel,corrupted,,1.00,0.00,,,,,,,,,,,,,
Turn the Other Cheek,3,2.1.0,,460,,8.00,24.00,0.11,,Pacifism,Jewel,corrupted,,1.00,0.00,,,,,,,,,,,,,
Hope,5,2.0.0,Beach Map • Dungeon Map • Graveyard Map • Jungle Valley Map • Lookout Map,1223,,1.00,5.00,0.02,,Unique Prismatic Ring Corrupted,Accessory,,,,,,,,,,,,,,,,,
Heterochromia,2,2.2.2c,Estuary Map,811,,1.00,2.00,0.01,,Unique Two-Stone Ring,Accessory,,,,,,,,,,,,,,,,,
The Brittle Emperor,8,2.0.0,The Dried Lake • Wasteland Map,458,,2.00,16.00,0.07,,Voll's Devotion,Accessory,clean,,2.00,0.01,,,,,,,,,,,,,
Thirst for Knowledge,5,3.7.0,The Library(Act 3) • The Archives(Act 3) • Academy Map • Museum Map,939,,1.00,5.00,0.02,,Gluttony,Accessory,clean,,1.00,0.00,,,,,,,,,,,,,
The Feast,5,2.0.0,The Northern Forest (Act 2) • The Sewers(Act 3) • The Toxic Conduits • Lair of the Hydra Map • Toxic Sewer Map • Waste Pool Map,621,,1.00,5.00,0.02,,Romira's Banquet,Accessory,clean,,1.00,0.00,,,,,,,,,,,,,
The Standoff,3,2.5.1,The Torched Courts (Act 5) • The Torched Courts (Act 10) • Bone Crypt Map • Lava Chamber Map • Forge of the Phoenix Map • Crater Map,1243,,1.00,3.00,0.01,,Unique Rustic Sash,Accessory,,,,,,,,,,,,,,,,,
Lysah's Respite,6,2.3.0,Maelström of Chaos • Mineral Pools Map • Underground Sea Map,1205,,1.00,6.00,0.03,,Unique Agate Amulet Corrupted,Accessory,,,,,,,,,,,,,,,,,
The Ruthless Ceinture,7,3.1.0,The Descent(Act 9) • The Foothills(Act 9) • Dig Map • Maze of the Minotaur Map • Summit Map,697,,1.00,7.00,0.03,,Meginord's Girdle,Accessory,clean,,1.00,0.00,,,,,,,,,,,,,
Glimmer of Hope,8,2.1.0,The Cavern of Anger (Act 6) • Flooded Mine Map • Underground Sea Map,1468,,1.00,8.00,0.04,,Unique Gold Ring,Accessory,,,,,,,,,,,,,,,,,
The One With All,6,2.0.1b,The Tidal Island (Act 6) • Oba's Cursed Trove,1314,,1.00,6.00,0.03,,Le Heup of All,Accessory,clean,,3.00,0.01,,,,,,,,,,,,,
The Cursed King,8,2.3.0,"Caer Blaidd, Wolfpack's Den",395,,1.00,8.00,0.04,,Rigwald's Curse,Accessory,corrupted,,1.00,0.00,,,,,,,,,,,,,
The Poet,9,2.0.0,The Marketplace(Act 3) • The Quay(Act 8) • Alleyways Map • Arcade Map,639,,1.00,9.00,0.04,,Blood of Corruption,Accessory,corrupted,,2.00,0.01,,,,,,,,,,,,,
The Master,4,3.3.0,Pen Map,836,,1.00,4.00,0.02,,Bisco's Collar,Accessory,clean,,1.00,0.00,,,,,,,,,,,,,
The Sword King's Salute,7,3.3.0,Colosseum Map,1056,,1.00,7.00,0.03,,Daresso's Salute,Accessory,clean,,1.00,0.00,,,,,,,,,,,,,
The Forsaken,7,2.5.1,Bone Crypt Map • Olmec's Sanctum • The Coward's Trial,618,,1.00,7.00,0.03,,Umbilicus Immortalis,Accessory,clean,,1.00,0.00,,,,,,,,,,,,,
The Deceiver,4,3.2.0,The Grand Arena(Act 4) • Arena Map • Colosseum Map,577,,1.00,4.00,0.02,,Belt of the Deceiver,Accessory,clean,,1.00,0.00,,,,,,,,,,,,,
The Penitent,5,2.3.2,Cells Map,1307,,1.00,5.00,0.02,,Unique Unset Ring,Accessory,,,,,,,,,,,,,,,,,
The Return of the Rat,3,3.20.0,,483,,1.00,3.00,0.01,,Tavukai,Accessory,clean,,1.00,0.00,,,,,,,,,,,,,
The Betrayal,9,2.0.1b,The Riverways (Act 6) • The Southern Forest (Act 6) • The Western Forest (Act 6) • The Crossroads (Act 7) • The Northern Forest (Act 7) • Burial Chambers Map • Mesa Map • Spider Forest Map • Fungal Hollow Map • Strand Map,658,,1.00,9.00,0.04,,Maligaro's Virtuosity,Armour,clean,,3.00,0.01,,,,,,,,,,,,,
The Sun,7,2.0.0,The Solaris Temple Level 1 (Act 3) • The Solaris Temple Level 2 (Act 3) • The Solaris Temple Level 1 (Act 8) • Ivory Temple Map • The Twilight Temple • Temple Map,1011,,1.00,7.00,0.03,,Rise of the Phoenix,Armour,clean,,1.00,0.00,,,,,,,,,,,,,
The Throne,2,2.2.2c,Lair of the Hydra Map • Toxic Sewer Map • Waste Pool Map,277,,2.00,4.00,0.02,,Kaom's Roots,Armour,clean,,1.00,0.00,,,,,,,,,,,,,
The Fletcher,5,2.0.5,The Climb(Act 1) • The Riverways (Act 6),1167,,1.00,5.00,0.02,,Drillneck,Armour,clean,,1.00,0.00,,,,,,,,,,,,,
Rats,8,2.1.1c,The Imperial Fields(Act 8) • The Grain Gate(Act 8) • Arsenal Map • Factory Map,1048,,1.00,8.00,0.04,,Rat's Nest,Armour,clean,,1.00,0.00,,,,,,,,,,,,,
The Conduit,9,2.0.3,The Upper Sceptre of God(Act 3) • Villa Map,312,,1.00,9.00,0.04,,Doryani's Fist,Armour,clean,,1.00,0.00,,,,,,,,,,,,,
The Watcher,12,2.0.0,Geode Map • Grotto Map,1334,,1.00,12.00,0.05,,Crown of Eyes,Armour,clean,,4.00,0.02,,,,,,,,,,,,,
The Army of Blood,6,3.3.0,The Lunaris Temple Level 2 (Act 3) • Shrine Map,935,,1.00,6.00,0.03,,Bloodbond,Armour,clean,,1.00,0.00,,,,,,,,,,,,,
The Adventuring Spirit,6,3.14.0,,1116,,1.00,6.00,0.03,,Victario's Influence,Armour,clean,,1.00,0.00,,,,,,,,,,,,,
The Scarred Meadow,9,2.0.0,The Old Fields(Act 2) • Ashen Wood Map • Fields Map • Peninsula Map,1131,,1.00,9.00,0.04,,Wake of Destruction,Armour,clean,,1.00,0.00,,,,,,,,,,,,,
Mitts,5,2.5.1,The Ascent(Act 40• The Solaris Temple Level 1 (Act 8) • The Solaris Temple Level 2 (Act 8) • Iceberg Map • Summit Map,1352,,1.00,5.00,0.02,,Unique Gloves,Armour,,,,,,,,,,,,,,,,,
The Visionary,6,2.3.2,The Grand Arena(Act 4) • Arena Map • Colosseum Map • Racecourse Map,881,,1.00,6.00,0.03,,Lioneye's Vision,Armour,clean,,1.00,0.00,,,,,,,,,,,,,
The Coming Storm,8,2.5.1,Colonnade Map • Graveyard Map • Infested Valley Map • Leyline Map • Shipyard Map • Villa Map • Wharf Map,1123,,1.00,8.00,0.04,,Lightning Coil,Armour,clean,,5.00,0.02,,,,,,,,,,,,,
The Oath,6,2.4.0,The Belly of the Beast (Act 9) • The Rotting Core • Carcass Map • Core Map • Malformation Map • Phantasmagoria Map,877,,1.00,6.00,0.03,,Death's Oath,Armour,clean,,3.00,0.01,,,,,,,,,,,,,
The Fox in the Brambles,7,3.16.0,,555,,1.00,7.00,0.03,,Bramblejack,Armour,clean,,1.00,0.00,,,,,,,,,,,,,
The Fathomless Depths,8,3.3.0,The Cavern of Anger (Act 6) • Flooded Mine Map • Underground Sea Map,632,,1.00,8.00,0.04,,Lightpoacher,Armour,clean,,1.00,0.00,,,,,,,,,,,,,
Alivia's Grace,6,3.20.0,,734,,1.00,6.00,0.03,,Queen of the Forest,Armour,clean,,5.00,0.02,,,,,,,,,,,,,
The Wolf's Shadow,3,2.1.2,"Lair Map • Underground River Map • Caer Blaidd, Wolfpack's Den",695,,1.00,3.00,0.01,,Hyaon's Fury,Weapon,clean,,1.00,0.00,,,,,,,,,,,,,
The Demoness,5,2.1.0,The Northern Forest (Act 7),938,,1.00,5.00,0.02,,Death's Hand,Weapon,clean,,1.00,0.00,,,,,,,,,,,,,
The Harvester,11,2.3.0,The Imperial Fields(Act 8),1111,,1.00,11.00,0.05,,The Harvest,Weapon,clean,,1.00,0.00,,,,,,,,,,,,,
The Insatiable,3,3.2.0,The Rotting Core(Act 9) • Carcass Map,471,,1.00,3.00,0.01,,The Harvest,Weapon,clean,,1.00,0.00,,,,,,,,,,,,,
The Siren,7,2.0.1b,The Cavern of Anger (Act 6) • The Brine King’s Reef(Act 6) • Maelström of Chaos • Underground Sea Map,359,,1.00,7.00,0.03,,The Whispering Ice,Weapon,clean,,2.00,0.01,,,,,,,,,,,,,
The Incantation,4,2.0.0,The Western Forest (Act 6) • Burial Chambers Map • Spider Forest Map,469,,1.00,4.00,0.02,,The Whispering Ice,Weapon,clean,,2.00,0.01,,,,,,,,,,,,,
Forbidden Power,4,3.2.0,"The Solaris Temple Level 2(Act 8), The Harbour Bridge(Act 8), The Twilight Temple Map, Temple Map",667,,1.00,4.00,0.02,,Balefire,Weapon,clean,,1.00,0.00,,,,,,,,,,,,,
Audacity,5,2.0.4,The Apex of Sacrifice,168,,2.00,10.00,0.04,,Doryani's Fist,Weapon,clean,,1.00,0.00,,,,,,,,,,,,,
The Deep Ones,5,3.7.0,The Brine King’s Reef(Act 6) • Coral Ruins Map • Reef Map,478,,2.00,10.00,0.04,,Tidebreaker,Weapon,clean,,4.00,0.02,,,,,,,,,,,,,
From Bone to Ashes,8,3.18.0,,641,,2.00,16.00,0.07,,Ngamahu's Flame,Weapon,clean,,1.00,0.00,,,,,,,,,,,,,
Vile Power,5,3.8.0,Core Map • Toxic Sewer Map • Waste Pool Map,876,,1.00,5.00,0.02,,Doomfletch,Weapon,clean,,2.00,0.01,,,,,,,,,,,,,
The Stormcaller,4,2.3.0,Primordial Blocks Map,1363,,1.00,4.00,0.02,,Agnerod Staff,Weapon,,,,,,,,,,,,,,,,,
The Traitor,4,2.1.0,The Battlefront(Act 3) • The Sarn Ramparts(Act 8) • The Solaris Concourse(Act 8) • Promenade Map • Ramparts Map,1013,,1.00,4.00,0.02,,Unique Wand,Weapon,,,,,,,,,,,,,,,,,
The Lunaris Priestess,5,2.3.0,The Lunaris Temple Level 1 (Act 3) • The Lunaris Temple Level 1 (Act 8) • The Lunaris Temple Level 2 (Act 8) • The Twilight Temple • Shrine Map,848,,1.00,5.00,0.02,,Sire of Shards,Weapon,clean,,1.00,0.00,,,,,,,,,,,,,
Thunderous Skies,5,2.2.2c,,947,,1.00,5.00,0.02,,Storm Cloud,Weapon,clean,,1.00,0.00,,,,,,,,,,,,,
Dark Temptation,5,3.6.0,hidden chests in The Azurite Mine.,1427,,1.00,5.00,0.02,,Obliteration,Weapon,clean,,1.00,0.00,,,,,,,,,,,,,
The Hermit,9,2.0.0,The Broken Bridge (Act 7) • The Causeway(Act 7) • The Vaal City(Act 7) • The Crossroads (Act 7) • The Fellshrine Ruins (Act 7) • The Ashen Fields(Act 7),1062,,1.00,9.00,0.04,,Lifesprig,Weapon,clean,,2.00,0.01,,,,,,,,,,,,,
The Lich,12,2.0.4b,The Upper Prison(Act 1) • Bone Crypt Map,812,,1.00,12.00,0.05,,Midnight Bargain,Weapon,clean,,1.00,0.00,,,,,,,,,,,,,
Death,4,2.0.3,The Karui Fortress(Act 6) • Bog Map • Flooded Mine Map • Marshes Map • Mud Geyser Map,877,,1.00,4.00,0.02,,Mon'tregul's Grasp,Weapon,clean,,1.00,0.00,,,,,,,,,,,,,
The Blazing Fire,6,3.1.0,The Ruined Square • The Torched Courts (Act 5) • The Ravaged Square • The Torched Courts (Act 10) • Alleyways Map • Haunted Mansion Map • Siege Map,1077,,1.00,6.00,0.03,,Chin Sol,Weapon,clean,,1.00,0.00,,,,,,,,,,,,,
Might is Right,9,2.6.0,The Ossuary (Act 5) • The Reliquary (Act 5) • The Reliquary (Act 10) • The Ossuary (Act 10) • Mausoleum Map • Relic Chambers Map • Sepulchre Map,893,,1.00,9.00,0.04,,Trypanon,Weapon,clean,,1.00,0.00,,,,,,,,,,,,,
The Gentleman,4,2.0.3,The Slums(Act 3)• The Sarn Ramparts(Act 8)• The Grain Gate(Act 8)• Ghetto Map,972,,1.00,4.00,0.02,,Unique Sword,Weapon,,,,,,,,,,,,,,,,,
Assassin's Favour,9,2.0.4,The Marketplace(Act 3) • The Quay(Act 8) • Alleyways Map • Arcade Map • Bazaar Map • Park Map • Port Map,1598,,1.00,9.00,0.04,,Unique Dagger,Weapon,,,,,,,,,,,,,,,,,
Hunter's Resolve,8,2.0.4,The Riverways (Act 6) • Ramparts Map • Fungal Hollow Map,1482,,1.00,8.00,0.04,,Unique Bow,Weapon,,,,,,,,,,,,,,,,,
The Formless Sea,7,2.3.2,Reef Map,632,,1.00,7.00,0.03,,Varunastra,Weapon,clean,,3.00,0.01,,,,,,,,,,,,,
Light and Truth,2,2.3.2,The Upper Sceptre of God(Act 3) • Palace Map • Residence Map • Villa Map,368,,1.00,2.00,0.01,,Unique Crystal Sceptre,Weapon,,,,,,,,,,,,,,,,,
The Tower,6,2.0.4,The Sceptre of God(Act 3) • The Upper Sceptre of God(Act 3) • Shavronne’s Tower(Act 6) • Residence Map • Tower Map,1333,,1.00,6.00,0.03,,Unique Staff,Weapon,,,,,,,,,,,,,,,,,
Echoes of Love,3,3.7.0,Overgrown Ruin Map • Overgrown Shrine Map,723,,1.00,3.00,0.01,,Fidelitas' Spike,Weapon,clean,,1.00,0.00,,,,,,,,,,,,,
The Wolverine,4,2.5.1,Prisoner's Gate (Act 6) • Glacier Map • Summit Map,980,,1.00,4.00,0.02,,Unique Claw,Weapon,,,,,,,,,,,,,,,,,
The Realm,5,3.1.0,Can drop from Breach monsters.,1243,,1.00,5.00,0.02,,Portal,Gem,clean 1/0,,0.00,,,,,,,,,,,,,,
The Bones,6,3.9.0,Drop monster: Minara Anemina(Location: random),737,,5.00,30.00,0.13,,Vaal Summon Skeletons,Gem,corrupted 21/0,,2.00,0.01,,,,,,,,,,,,,
The Fox,6,2.0.3,The Western Forest (Act 2) • The Riverways (Act 6) • The Vaal City • The Crossroads (Act 7) • The Fellshrine Ruins (Act 7) • Barrows Map • Castle Ruins Map • Sunken City Map,1130,,1.00,6.00,0.03,,Level 20 Gem,Gem,,,,,,,,,,,,,,,,,
Gift of the Gemling Queen,9,2.0.3,The Tunnel(Act 9) • The Quarry(Act 9) • Crystal Ore Map • Dig Map • Excavation Map • Flooded Mine Map • Geode Map,1321,,1.00,9.00,0.04,,Level 20 Support Gem,Gem,,,,,,,,,,,,,,,,,
The Rite of Elements,5,3.3.0,Courthouse Map • Coves Map • Flooded Mine Map • Geode Map • Grotto Map • Vault Map • Waterways Map • Wharf Map,1061,,4.00,20.00,0.09,,Level 21 Golem Gem,Gem,,,,,,,,,,,,,,,,,
The Cataclysm,13,2.0.0,Strange Sinkhole • Concealed Cavity • Sunken Shingle • Clouded Ridge • Forgotten Oubliette • Remote Gulch • Cremated Archives • Narrow Ravine • Mystical Clearing • Covered-up Hollow • Hidden Patch • Entombed Alcove • Secret Laboratory • Secluded Copse • Forbidden Chamber • Quarantined Quarters • Inner Grounds • Sealed Corridors • Restricted Gallery • Disused Furnace • Blind Alley • Entombed Chamber • Sacred Chambers • Stagnant Canal • Walled-off Ducts • Neglected Cellar • Arcane Chambers • Forgotten Conduit • Ancient Catacomb • Haunted Mineshaft • Abandoned Dam • Desolate Track • Reclaimed Barracks • Sealed Basement • Secluded Canal • Forbidden Archives • Cremated Archives • Twisted Inquisitorium • Deathly Chambers • Restricted Collection • Side Chapel • Radiant Pools • Clouded Ledge • Flooded Complex • Forbidden Shrine • Sealed Repository • Evacuated Quarter • Concealed Caldarium • Moonlit Chambers • Shifting Sands • Forgotten Gulch • Desolate Isle • Dusty Bluff,1044,,2.00,26.00,0.12,,Level 21 Spell Gem,Gem,,,,,,,,,,,,,,,,,
The Trial,7,2.0.3,"Arachnid Nest Map • Arachnid Tomb Map • Arena Map • Armoury Map • Bazaar Map • Belfry Map • Bog Map • Bone Crypt Map • Colonnade Map • Coral Ruins Map • Courtyard Map • Coves Map • Cursed Crypt Map • Dunes Map • Estuary Map • Factory Map • Gardens Map • Geode Map • Harbinger Map • Infested Valley Map • Laboratory Map • Lair Map • Lava Chamber Map • Mausoleum Map • Mesa Map • Mineral Pools Map • Moon Temple Map • Mud Geyser Map • Museum Map • The Putrid Cloister • Orchard Map • Overgrown Ruin Map • Pier Map • Pit Map • Plateau Map • Precinct Map • Primordial Pool Map • Promenade Map • Ramparts Map • Residence Map • Scriptorium Map • Sepulchre Map • Shipyard Map • Shore Map • Siege Map • Spider Forest Map • Temple Map • Tower Map • Crater Map • Tropical Island Map • Underground River Map • Caer Blaidd, Wolfpack's Den • Vaal Pyramid Map • Vault Map • Wasteland Map • Waste Pool Map • Waterways Map",1450,,1.00,7.00,0.03,,Map Tier: 15,Map,,,,,,,,,,,,,,,,,
Lost Worlds,8,2.1.0,Sold by Zana at reputation level 4 or higher for 1x Orb of Chance.,1253,,1.00,8.00,0.04,,Map Tier: 15,Map,,,,,,,,,,,,,,,,,
The Surveyor,4,2.0.5,Carcass Map • Core Map • Malformation Map • Phantasmagoria Map,1136,,1.00,4.00,0.02,,Map Tier: 14,Map,,,,,,,,,,,,,,,,,
The Arena Champion,10,2.1.2,"Arena Map, Pit Map",1368,,1.00,10.00,0.04,,Map Tier: 12,Map,,,,,,,,,,,,,,,,,
Rain Tempter,9,2.2.2c,Grotto Map,901,,1.00,9.00,0.04,,Map Tier: 6,Map,,,,,,,,,,,,,,,,,
Cartographer's Delight,3,2.3.0,The Harbour Bridge(Act 8) • The Foothills(Act 9),801,,1.00,3.00,0.01,,Map Tier: 5,Map,,,,,,,,,,,,,,,,,
The Explorer,6,2.0.0,The Dread Thicket (Act 7) • Thicket Map,1292,,1.00,6.00,0.03,,Map Corrupted,Map,,,,,,,,,,,,,,,,,
The Encroaching Darkness,8,2.0.1b,"Chayula's Domain • Tul's Domain • Xoph's Domain • Esh's Domain • Uul-Netol's Domain • Academy Map • Acid Caverns Map • Arachnid Nest Map • Arachnid Tomb Map • Arena Map • Armoury Map • Arsenal Map • Ashen Wood Map • Atoll Map • Maelström of Chaos • Basilica Map • Bazaar Map • Belfry Map • Bog Map • Bone Crypt Map • Olmec's Sanctum • Caldera Map • Carcass Map • Castle Ruins Map • Cemetery Map • Hallowed Ground • Pit of the Chimera Map • Colonnade Map • Colosseum Map • Coral Ruins Map • Core Map • Courtyard Map • The Vinktar Square • Coves Map • Crimson Temple Map • Crystal Ore Map • Cursed Crypt Map • The Coward's Trial • Dark Forest Map • Defiled Cathedral Map • Desert Spring Map • Dig Map • Dunes Map • Pillars of Arun • Desert of Dementia • Halls of Delirium • Ruins of Despair • Sea of Isolation • Repository of Derision • Pits of Sorrow • Islands of Devastation • Manor of Madness • Wastes of Lunacy • Vaults of Insanity • Spires of Delusion • River of Hysteria • Absence of Value and Meaning • Factory Map • Fields Map • Gardens Map • Geode Map • Ghetto Map • Harbinger Map • Harbinger Map • Lair of the Hydra Map • Infested Valley Map • Jungle Valley Map • Laboratory Map • Lair Map • Lava Chamber Map • Lava Lake Map • Malformation Map • Mausoleum Map • Mesa Map • Mineral Pools Map • Maze of the Minotaur Map • Moon Temple Map • The Twilight Temple • Mud Geyser Map • Museum Map • The Putrid Cloister • Necropolis Map • Death and Taxes • Orchard Map • Overgrown Ruin Map • Overgrown Shrine Map • Acton's Nightmare • Palace Map • Park Map • Phantasmagoria Map • Forge of the Phoenix Map • Pier Map • Pit Map • Plateau Map • Plaza Map • Precinct Map • Primordial Pool Map • Promenade Map • The Hall of Grandmasters • Racecourse Map • Ramparts Map • Reef Map • Residence Map • Scriptorium Map • Sepulchre Map • The Shaper's Realm • Shipyard Map • Shore Map • Mao Kun • Shrine Map • Siege Map • Spider Forest Map • Summit Map • Sunken City Map • Temple Map • Poorjoy's Asylum • Terrace Map • Thicket Map • Primordial Blocks Map • Oba's Cursed Trove • Tower Map • Crater Map • Tropical Island Map • Underground River Map • Caer Blaidd, Wolfpack's Den • Underground Sea Map • Vaal Pyramid Map • Vaults of Atziri • Vaal Temple Map • Vault Map • Villa Map • Wasteland Map • Waste Pool Map • Waterways Map • Wharf Map",1310,,1.00,8.00,0.04,,Unique Map,Map,,,,,,,,,,,,,,,,,
The Dragon,4,2.1.1c,Dark Forest Map,1223,,1.00,4.00,0.02,,Coruscating Elixir,Flask,clean,,3.00,0.01,,,,,,,,,,,,,
The Witch,8,3.3.0,Burial Chambers Map • Spider Forest Map,1065,,1.00,8.00,0.04,,Kiara's Determination,Flask,clean,,1.00,0.00,,,,,,,,,,,,,
Alone in the Darkness,5,3.6.0,Can drop from an Abyssal Trove.,1352,,1.00,5.00,0.02,,Random Delve Item,,,,,,,,,,,,,,,,,,
The Spoiled Prince,4,2.0.1b,The Temple of Decay Level 1(Act 7) • Vaal Pyramid Map,489,,1.20,4.80,0.02,,Dictator's Prophecy Wand,,,,,,,,,,,,,,,,,,
The Brawny Battle Mage,5,3.18.0,,404,,2.00,10.00,0.04,,Merciless Tornado Wand,,,,,,,,,,,,,,,,,,
Prometheus' Armoury,6,3.11.0,,164,,7.15,42.90,0.19,,One-Hand Weapon | Item Level: 100 | Double-Influenced Item,,,,,,,,,,,,,,,,,,
The Jester,9,2.3.0,Villa Map,262,,1.00,9.00,0.04,,Merciless One-Hand Weapon | Item Level: 100,,,,,,,,,,,,,,,,,,
Merciless Armament,4,2.0.4b,Armoury Map • Colonnade Map,429,,2.40,9.60,0.04,,Merciless Two-Hand Weapon | Item Level: 100,,,,,,,,,,,,,,,,,,
The Golden Era,7,3.6.0,Ivory Temple Map,503,,1.00,7.00,0.03,,Flaring Eclipse Staff | Item Level: 100,,,,,,,,,,,,,,,,,,
The Breach,4,3.2.0,Drops from Null Portals that spawn in Elder-Influenced maps.,446,,3.00,12.00,0.05,,Breach Item,,,,,,,,,,,,,,,,,,
The Lord of Celebration,4,3.6.0,Siege Map,533,,3.00,12.00,0.05,,Sceptre of Celebration | Shaper Item,,,,,,,,,,,,,,,,,,
The Tyrant,9,2.3.2,Precinct Map,590,,2.00,18.00,0.08,,Merciless Weapon | Item Level: 100,,,,,,,,,,,,,,,,,,
The Road to Power,7,2.0.0,Castle Ruins Map,399,,2.00,14.00,0.06,,Runic One-Hand Weapon | Item Level: 100,,,,,,,,,,,,,,,,,,
The Messenger,4,3.6.0,Crystal Ore Map,922,,1.00,4.00,0.02,,Harbinger Piece,,,,,,,,,,,,,,,,,,
The Lover,2,2.0.0,Maelström of Chaos • Mineral Pools Map • Underground Sea Map,1166,,1.00,2.00,0.01,,Jewellery | Item Level: 79,,,,,,,,,,,,,,,,,,
Destined to Crumble,5,2.2.2c,Academy Map • Museum Map • Scriptorium Map,1193,,1.00,5.00,0.02,,Body Armour | Item Level: 100,,,,,,,,,,,,,,,,,,
The King's Blade,5,2.0.1b,Daresso’s Dream(Act 4) • Pit Map,1216,,1.00,5.00,0.02,,Bloodthirsty Eternal Sword | Item Level: 66,,,,,,,,,,,,,,,,,,
The Metalsmith's Gift,6,2.0.0,The Mud Flats (Act 1) • The Fetid Pool(Act 1) • The Coast (Act 6) • The Mud Flats (Act 6) • The Karui Fortress(Act 6),1153,,1.00,6.00,0.03,,Prismatic Ring,,,,,,,,,,,,,,,,,,
The Carrion Crow,4,2.0.0,The Western Forest (Act 2) • The City of Sarn(Act 3) • The Ebony Barracks(Act 3) • The Imperial Gardens(Act 3) • The Battlefront(Act 3) • The Aqueduct(Act 4) • The Ascent(Act 4) • The Grand Promenade(Act 8) • The Blood Aqueduct(Act 9) • Channel Map • City Square Map • Colonnade Map • Courtyard Map • Promenade Map • Ramparts Map,1031,,1.00,4.00,0.02,,Life Armour,,,,,,,,,,,,,,,,,,
Doedre's Madness,9,2.0.1b,The Harvest (Act 4) • Doedre’s Cesspool(Act 8) • Waste Pool Map,1581,,1.00,9.00,0.04,,Doedre Item,,,,,,,,,,,,,,,,,,
Lantador's Lost Love,7,2.0.4,The Twilight Strand (Act 6) • The Riverways (Act 6) • The Wetlands (Act 6) • The Southern Forest (Act 6) • The Cavern of Anger (Act 6) • The Beacon • The Brine King's Reef • The Coast (Act 6) • The Tidal Island (Act 6) • The Mud Flats (Act 6) • The Karui Fortress • The Ridge • The Lower Prison (Act 6) • Shavronne's Tower • Prisoner's Gate (Act 6) • The Western Forest (Act 6) • Maelström of Chaos • Lighthouse Map • Mineral Pools Map • Reef Map • Underground Sea Map,1143,,1.00,7.00,0.03,,Two-Stone Ring,,,,,,,,,,,,,,,,,,
The Opulent,5,2.6.0,Basilica Map • Chateau Map • Conservatory Map • Crimson Temple Map • Haunted Mansion Map • Ivory Temple Map • Laboratory Map • Palace Map • Relic Chambers Map • Residence Map • Temple Map • Vaults of Atziri • Vault Map • Villa Map,1032,,1.00,5.00,0.02,,Ring | Item Level: 100,,,,,,,,,,,,,,,,,,
Prosperity,10,2.1.1c,The Tidal Island (Act 6) • Shore Map,1064,,1.00,10.00,0.04,,Perandus' Gold Ring,,,,,,,,,,,,,,,,,,
The Journalist,10,3.12.0,,1086,,1.00,10.00,0.04,,Helmet | Double-Veiled Item,,,,,,,,,,,,,,,,,,
The Tireless Extractor,8,3.17.0,,1391,,1.00,8.00,0.04,,Oil,,,10,,,,,,,,,,,,,,,
The Warden,4,2.0.0,The Lower Prison (Act 1) • The Upper Prison • The Slave Pens • The Lower Prison (Act 6) • Shavronne's Tower • Cage Map • Dungeon Map • Pen Map • Tower Map,962,,1.00,4.00,0.02,,Amulet | Corrupted,,,,,,,,,,,,,,,,,,
The Web,8,2.3.0,The Weaver’s Chambers(Act 2) • Arachnid Nest Map • Arachnid Tomb Map • Jungle Valley Map • Spider Lair Map,840,,1.00,8.00,0.04,,Weapon of Crafting,,,,,,,,,,,,,,,,,,
The Sigil,3,2.1.1c,Overgrown Shrine Map,802,,1.00,3.00,0.01,,Unassailable Amulet,,,,,,,,,,,,,,,,,,
The Battle Born,5,2.0.0,Kaom’s Dream(Act 4) • Kaom’s Stronghold(Act 4) • Caldera Map • Volcano Map,1284,,1.00,5.00,0.02,,Unique Axe,,,,,,,,,,,,,,,,,,
Struck by Lightning,3,2.6.0,Cemetery Map • Colonnade Map • Courtyard Map • Graveyard Map • Infested Valley Map • Leyline Map • Promenade Map • Shipyard Map • Tower Map • Villa Map • Wharf Map,797,,1.00,3.00,0.01,,Electrocuting Jewellery | Item Level: 76,,,,,,,,,,,,,,,,,,
The Inoculated,4,2.0.4,Acid Caverns Map • Primordial Pool Map,878,,1.00,4.00,0.02,,Seraphim's Armour,,,,,,,,,,,,,,,,,,
The Endurance,4,2.3.2,The Mines Level 1(Act 4) • The Mines Level 2(Act 4) • The Crystal Veins(Act 4) • The Tunnel(Act 9) • The Quarry(Act 9) • Crystal Ore Map • Dig Map • Excavation Map • Flooded Mine Map • Geode Map,1293,,1.00,4.00,0.02,,Vivid Crimson Jewel,,,,,,,,,,,,,,,,,,
Shard of Fate,4,2.2.2c,The Chamber of Sins Level 2 (Act 7) • Museum Map • Overgrown Ruin Map • Overgrown Shrine Map,1228,,1.00,4.00,0.02,,Vivid Jewel,,,,,,,,,,,,,,,,,,
The Mountain,6,3.8.0,The Ascent(Act 4) • The Descent(Act 9) • Summit Map,1266,,1.00,6.00,0.03,,Jewel of Potency,,,,,,,,,,,,,,,,,,
The Gambler,5,2.0.0,"Ancient Reliquary • The Pale Court • Chayula's Domain • Tul's Domain • Xoph's Domain • Esh's Domain • Uul-Netol's Domain • The Apex of Sacrifice • The Alluring Abyss • Academy Map • Acid Caverns Map • Alleyways Map • Ancient City Map • Arachnid Nest Map • Arachnid Tomb Map • Arcade Map • Arena Map • Arid Lake Map • Armoury Map • Arsenal Map • Ashen Wood Map • Atoll Map • Maelström of Chaos • Barrows Map • Basilica Map • Bazaar Map • Beach Map • Belfry Map • Bog Map • Bone Crypt Map • Olmec's Sanctum • Burial Chambers Map • Cage Map • Caldera Map • Canyon Map • Carcass Map • Castle Ruins Map • Cells Map • Cemetery Map • Hallowed Ground • Channel Map • Chateau Map • Perandus Manor • Pit of the Chimera Map • City Square Map • Colonnade Map • Colosseum Map • Conservatory Map • Coral Ruins Map • Core Map • Courthouse Map • Courtyard Map • The Vinktar Square • Coves Map • Crimson Temple Map • Crystal Ore Map • Cursed Crypt Map • The Coward's Trial • Dark Forest Map • Defiled Cathedral Map • Desert Map • Desert Spring Map • Dig Map • Dunes Map • Pillars of Arun • Dungeon Map • Desert of Dementia • Halls of Delirium • Ruins of Despair • Sea of Isolation • Repository of Derision • Pits of Sorrow • Islands of Devastation • Manor of Madness • Wastes of Lunacy • Vaults of Insanity • Spires of Delusion • River of Hysteria • Absence of Value and Meaning • Estuary Map • Excavation Map • Factory Map • Fields Map • Flooded Mine Map • Gardens Map • Geode Map • Ghetto Map • Glacier Map • Graveyard Map • Grotto Map • Harbinger's Isle • Harbinger Map • Harbinger Map • Harbinger Map • Haunted Mansion Map • Lair of the Hydra Map • Iceberg Map • Infested Valley Map • Ivory Temple Map • Jungle Valley Map • Laboratory Map • Lair Map • Lava Chamber Map • Lava Lake Map • Leyline Map • Lighthouse Map • Lookout Map • Malformation Map • Marshes Map • Mausoleum Map • Maze Map • Doryani's Machinarium • Mesa Map • Mineral Pools Map • Maze of the Minotaur Map • Moon Temple Map • The Twilight Temple • Mud Geyser Map • Museum Map • The Putrid Cloister • Necropolis Map • Death and Taxes • Orchard Map • Overgrown Ruin Map • Overgrown Shrine Map • Acton's Nightmare • Palace Map • Park Map • Pen Map • Peninsula Map • Phantasmagoria Map • Forge of the Phoenix Map • Pier Map • Pit Map • Plateau Map • Plaza Map • Port Map • Precinct Map • Primordial Pool Map • Promenade Map • The Hall of Grandmasters • Racecourse Map • Ramparts Map • Reef Map • Relic Chambers Map • Residence Map • Scriptorium Map • Sepulchre Map • The Shaper's Realm • Shipyard Map • Shore Map • Mao Kun • Shrine Map • Siege Map • Spider Forest Map • Spider Lair Map • Fungal Hollow Map • Strand Map • Whakawairua Tuahu • Sulphur Vents Map • Summit Map • Sunken City Map • Temple Map • Poorjoy's Asylum • Terrace Map • Thicket Map • Primordial Blocks Map • Oba's Cursed Trove • Tower Map • Toxic Sewer Map • Crater Map • Tropical Island Map • Underground River Map • Caer Blaidd, Wolfpack's Den • Underground Sea Map • Vaal Pyramid Map • Vaults of Atziri • Vaal Temple Map • Vault Map • Villa Map • Volcano Map • Wasteland Map • Waste Pool Map • Waterways Map • Wharf Map",1392,,1.00,5.00,0.02,,Divination Card,,,,,,,,,,,,,,,,,,
The Rabid Rhoa,4,2.1.2,Arid Lake Map,813,,1.00,4.00,0.02,,Malicious Gemini Claw | Item Level: 83,,,,,,,,,,,,,,,,,,
Boundless Realms,4,2.2.2c,The Solaris Temple Level 1 (Act 8) • The Solaris Temple Level 2 (Act 8) • Ivory Temple Map • Temple Map,1283,,1.00,4.00,0.02,,Map,,,,,,,,,,,,,,,,,,
The Twins,8,2.0.4,Ivory Temple Map • Moon Temple Map,703,,1.00,8.00,0.04,,Gemini Claw of Celebration | Item Level: 83,,,,,,,,,,,,,,,,,,
The Surgeon,4,2.0.5,The Chamber of Sins Level 1 (Act 7) • The Chamber of Sins Level 2 (Act 7) • Overgrown Ruin Map • Overgrown Shrine Map,776,,1.00,4.00,0.02,,Surgeon's Flask,,,,,,,,,,,,,,,,,,
The Lion,5,2.1.2,The Mud Flats (Act 6) • Caldera Map • Glacier Map,1065,,3.00,15.00,0.07,,Lioneye Item,,,,,,,,,,,,,,,,,,
The Wolf,5,2.3.2,Flooded Mine Map,1350,,1.00,5.00,0.02,,Rigwald Item,,,,,,,,,,,,,,,,,,
The Calling,6,2.3.2,The Calling can drop from Beyond demons.,1336,,1.00,6.00,0.03,,Beyond Item,,,,,,,,,,,,,,,,,,
The Aesthete,8,2.0.4b,"The Harvest (Act 4) • Shavronne’s Tower(Act 6) • Core Map • Scriptorium Map • Tower Map, Shavronne or corresponding bosses",1517,,1.00,8.00,0.04,,Shavronne Item,,,,,,,,,,,,,,,,,,
The Archmage's Right Hand,7,3.7.0,Drop monster: Prophecy monsters,977,,1.00,7.00,0.03,,Glyphic Prophecy Wand | Item Level: 100,,,,,,,,,,,,,,,,,,
Call to the First Ones,5,2.5.1,The Northern Forest (Act 7) • Infested Valley Map,605,,1.00,5.00,0.02,,Tier 1 Talisman,,,,,,,,,,,,,,,,,,
The Lord in Black,6,2.1.0,"The Lord in Black can drop from Bameth, Shifting Darkness.",550,,2.00,12.00,0.05,,Ring of Bameth | Item Level: 83,,,,,,,,,,,,,,,,,,
Astral Protection,5,3.19.0,,735,,2.00,10.00,0.04,,Shaper shield,,,,,,,,,,,,,,,,,,
,,,Fishing items - no advice,,,,,,,,,,,,,,,,,,,,,,,,,
The Catch,18,3.16.0,,128,,4.00,72.00,0.32,,Fishing Rod,,,,,,,,,,,,,,,,,,
The Old Man,12,3.8.0,,79,,5.00,60.00,0.27,,Fishing Rod,,,,,,,,,,,,,,,,,,
The Fishmonger,4,3.9.0,,147,,4.00,16.00,0.07,,Albino Rhoa Feather,,,,,,,,,,,,,,,,,,
The Vast,7,2.0.4,Coral Ruins Map,105,,5.00,35.00,0.16,,Song of the Sirens,,,,,,,,,,,,,,,,,,
The One That Got Away,7,3.17.0,,60,,5.00,35.00,0.16,,Replica Bated Breath,,,,,,,,,,,,,,,,,,
Baited Expectations,8,3.9.0,,687,,2.00,16.00,0.07,,Fishing Item,,,,,,,,,,,,,,,,,,